-- SQL Script for Web Giày Bóng Đá database
CREATE DATABASE IF NOT EXISTS `web_giay_bong_da` CHARACTER SET utf8mb4 COLLATE utf8mb4_unicode_ci;
USE `web_giay_bong_da`;

SET FOREIGN_KEY_CHECKS = 0;
DROP TABLE IF EXISTS `danhmuc`;
DROP TABLE IF EXISTS `taikhoan`;
DROP TABLE IF EXISTS `banner`;
DROP TABLE IF EXISTS `baiviet`;
DROP TABLE IF EXISTS `sanpham`;
DROP TABLE IF EXISTS `binhluan`;
DROP TABLE IF EXISTS `donhang`;
DROP TABLE IF EXISTS `chitiet_donhang`;
SET FOREIGN_KEY_CHECKS = 1;

CREATE TABLE `danhmuc` (
  `id` int(11) NOT NULL AUTO_INCREMENT,
  `ten_danhmuc` varchar(255) NOT NULL,
  PRIMARY KEY (`id`),
  UNIQUE KEY `ten_danhmuc` (`ten_danhmuc`)
) ENGINE=InnoDB AUTO_INCREMENT=7 DEFAULT CHARSET=utf8mb4 COLLATE=utf8mb4_general_ci;

INSERT INTO `danhmuc` (`id`, `ten_danhmuc`) VALUES
('1', 'Giày Cỏ Nhân Tạo TF'),
('2', 'Giày Cỏ Tự Nhiên (FG)'),
('3', 'Giày Futsal (IC)'),
('5', 'Pickleball'),
('4', 'Quả Bóng'),
('6', 'Sneaker');

CREATE TABLE `taikhoan` (
  `id` int(11) NOT NULL AUTO_INCREMENT,
  `user` varchar(50) NOT NULL,
  `pass` varchar(255) NOT NULL,
  `email` varchar(100) NOT NULL,
  `dien_thoai` varchar(20) DEFAULT NULL,
  `vai_tro` int(11) DEFAULT 0,
  PRIMARY KEY (`id`),
  UNIQUE KEY `user` (`user`),
  UNIQUE KEY `email` (`email`)
) ENGINE=InnoDB AUTO_INCREMENT=3 DEFAULT CHARSET=utf8mb4 COLLATE=utf8mb4_general_ci;

INSERT INTO `taikhoan` (`id`, `user`, `pass`, `email`, `dien_thoai`, `vai_tro`) VALUES
('2', 'admin', '$2y$10$xwORmvTld/jpBbJOFyikjOxEFEF3DGehHBFZvD8iSpOfkuNbe0bg.', 'admin123@gmail.com', '0987654321', '1');

CREATE TABLE `banner` (
  `id` int(11) NOT NULL AUTO_INCREMENT,
  `ten_banner` varchar(255) NOT NULL,
  `hinh_anh` varchar(255) NOT NULL,
  `lien_ket` varchar(255) DEFAULT NULL,
  `vi_tri` varchar(50) NOT NULL,
  PRIMARY KEY (`id`)
) ENGINE=InnoDB AUTO_INCREMENT=10 DEFAULT CHARSET=utf8mb4 COLLATE=utf8mb4_general_ci;

INSERT INTO `banner` (`id`, `ten_banner`, `hinh_anh`, `lien_ket`, `vi_tri`) VALUES
('1', 'Nike Attack Pack - Strike Fast', 'uploads/banner_1782461955_6a3e3603c0f8b.png', 'index.php?act=sanpham&keyword=Nike', 'slider'),
('2', 'Adidas F50 Speed - Unleash Speed', 'uploads/banner_1782462107_6a3e369b8afa3.png', 'index.php?act=sanpham&keyword=Adidas', 'slider'),
('3', 'Mizuno Japan - Gold Craftsmanship', 'assets/images/banner_main3.svg', 'index.php?act=sanpham&keyword=Mizuno', 'slider'),
('4', 'Puma Future Tech - Play Without Limits', 'assets/images/banner_main4.svg', 'index.php?act=sanpham&keyword=Puma', 'slider'),
('5', 'Kamito TA11 Pro - Đam Mê Chinh Phục', 'assets/images/banner_main5.svg', 'index.php?act=sanpham&keyword=Kamito', 'slider'),
('6', 'Zocker Inspire Pro - Chạm Tinh Tế', 'assets/images/banner_main6.svg', 'index.php?act=sanpham&keyword=Zocker', 'slider'),
('7', 'Wika Neo Flash - Bứt Tốc Đỉnh Cao', 'assets/images/banner_main7.svg', 'index.php?act=sanpham&keyword=Wika', 'slider'),
('8', 'Kelme Star Futsal - Indoor Master', 'assets/images/banner_main8.svg', 'index.php?act=sanpham&keyword=Kelme', 'slider'),
('9', 'Mizuno Japan - Đỉnh cao da thật', 'assets/images/banner_sub.svg', 'index.php?act=sanpham&id_danhmuc=2', 'sub_banner');

CREATE TABLE `baiviet` (
  `id` int(11) NOT NULL AUTO_INCREMENT,
  `tieu_de` varchar(255) NOT NULL,
  `hinh_anh` varchar(255) NOT NULL,
  `ngay_dang` varchar(20) NOT NULL,
  `mo_ta_ngan` text NOT NULL,
  `noi_dung` text NOT NULL,
  PRIMARY KEY (`id`)
) ENGINE=InnoDB AUTO_INCREMENT=4 DEFAULT CHARSET=utf8mb4 COLLATE=utf8mb4_general_ci;

INSERT INTO `baiviet` (`id`, `tieu_de`, `hinh_anh`, `ngay_dang`, `mo_ta_ngan`, `noi_dung`) VALUES
('1', 'Cách chọn size giày bóng đá chuẩn nhất cho chân bè', 'assets/images/baiviet1.svg', '23-06-2026', 'Chân bè mang giày gì thoải mái? Xem ngay cẩm nang chọn size giày bóng đá cực chuẩn cho người chân bè ngang phong trào.', 'Bàn chân bè (bàn chân rộng bề ngang) luôn là nỗi lo lắng của nhiều cầu thủ khi chọn mua giày bóng đá. Mang một đôi giày quá chật ngang sẽ gây đau đớn, phồng rộp và ảnh hưởng lớn đến phong độ thi đấu. Dưới đây là các bước chọn size chuẩn:\n\n1. Đo kích thước bàn chân vào cuối ngày.\n2. Chọn phom giày thích hợp (phom da thật K-leather co giãn tốt như Mizuno Morelia hoặc Kamito).\n3. Tăng từ 0.5 đến 1 size nếu chọn các phom giày thon gọn như Nike Mercurial.'),
('2', 'So sánh đinh TF và đinh FG: Khi nào nên sử dụng?', 'assets/images/baiviet2.svg', '21-06-2026', 'Phân biệt chi tiết giữa giày bóng đá sân cỏ nhân tạo (TF) và sân cỏ tự nhiên (FG) để bảo vệ cổ chân tốt nhất khi vận động.', 'Sử dụng sai loại đinh giày trên mặt sân không phù hợp là nguyên nhân hàng đầu dẫn đến các chấn thương nghiêm trọng như lật sơ mi cổ chân, đứt dây chằng chéo trước. Hãy lưu ý:\n\n1. Đinh TF (Turf): Gồm nhiều đinh dăm nhỏ bằng cao su, thiết kế chuyên cho sân cỏ nhân tạo Việt Nam có độ dày cỏ thấp và mặt sân cứng. Hỗ trợ giảm chấn rất tốt.\n2. Đinh FG (Firm Ground): Gồm các đinh cao bằng nhựa cứng chịu lực, chuyên dụng cho sân cỏ tự nhiên có nền đất mềm, cỏ dày đạt chuẩn. Không dùng đinh FG trên sân cỏ nhân tạo cứng vì dễ trượt ngã và chấn thương.'),
('3', 'Top 5 đôi giày cỏ nhân tạo bán chạy nhất năm 2026', 'assets/images/baiviet3.svg', '18-06-2026', 'Tổng hợp những mẫu giày đá banh sân cỏ nhân tạo được người chơi phong trào ưa chuộng và săn lùng nhiều nhất phân khúc.', 'Đâu là những cái tên đang thống trị các sân cỏ phong trào năm nay?\n\n1. Nike Mercurial Vapor 15 Academy TF: Tốc độ và ôm chân tuyệt đối.\n2. Adidas Predator Accuracy.3 TF: Cảm giác bóng và các khu vực vân nổi kiểm soát tối ưu.\n3. Kamito Velocidad II TF: Giá thành hợp lý, phom bè cực êm cho người Việt.\n4. Mizuno Monarcida Neo II Select TF: Độ bền bỉ đáng kinh ngạc từ thương hiệu Nhật Bản.\n5. Puma Future Play TF: Cổ thun linh động cho lối chơi lắt léo.');

CREATE TABLE `sanpham` (
  `id` int(11) NOT NULL AUTO_INCREMENT,
  `ten_sanpham` varchar(255) NOT NULL,
  `gia` double NOT NULL,
  `gia_giam` double DEFAULT NULL,
  `hinh_anh` varchar(255) NOT NULL,
  `mo_ta` text DEFAULT NULL,
  `id_danhmuc` int(11) NOT NULL,
  `dac_biet` int(11) DEFAULT 0,
  `luot_xem` int(11) DEFAULT 0,
  PRIMARY KEY (`id`),
  KEY `id_danhmuc` (`id_danhmuc`),
  CONSTRAINT `sanpham_ibfk_1` FOREIGN KEY (`id_danhmuc`) REFERENCES `danhmuc` (`id`) ON DELETE CASCADE
) ENGINE=InnoDB AUTO_INCREMENT=260 DEFAULT CHARSET=utf8mb4 COLLATE=utf8mb4_general_ci;

INSERT INTO `sanpham` (`id`, `ten_sanpham`, `gia`, `gia_giam`, `hinh_anh`, `mo_ta`, `id_danhmuc`, `dac_biet`, `luot_xem`) VALUES
('1', 'Nike Mercurial Vapor #1', '830000', NULL, 'uploads/shoe_1.svg', 'Giày bóng đá Nike Mercurial Vapor chính hãng phiên bản #1 mang thiết kế hiện đại, chất liệu bền bỉ, hỗ trợ tối đa hiệu suất ra sân của bạn.', '1', '0', '12'),
('2', 'Adidas F50 League #2', '860000', NULL, 'uploads/shoe_2.svg', 'Giày bóng đá Adidas F50 League chính hãng phiên bản #2 mang thiết kế hiện đại, chất liệu bền bỉ, hỗ trợ tối đa hiệu suất ra sân của bạn.', '2', '0', '24'),
('3', 'Mizuno Monarcida Neo Select #3', '890000', '756500', 'uploads/shoe_3.svg', 'Giày bóng đá Mizuno Monarcida Neo Select chính hãng phiên bản #3 mang thiết kế hiện đại, chất liệu bền bỉ, hỗ trợ tối đa hiệu suất ra sân của bạn.', '3', '0', '36'),
('4', 'Puma Future Ultimate #4', '920000', '828000', 'uploads/shoe_4.svg', 'Giày bóng đá Puma Future Ultimate chính hãng phiên bản #4 mang thiết kế hiện đại, chất liệu bền bỉ, hỗ trợ tối đa hiệu suất ra sân của bạn.', '2', '0', '48'),
('5', 'Kamito Velocidad II #5', '950000', NULL, 'uploads/shoe_5.svg', 'Giày bóng đá Kamito Velocidad II chính hãng phiên bản #5 mang thiết kế hiện đại, chất liệu bền bỉ, hỗ trợ tối đa hiệu suất ra sân của bạn.', '1', '1', '60'),
('6', 'Zocker Winner #6', '980000', '833000', 'uploads/shoe_6.svg', 'Giày bóng đá Zocker Winner chính hãng phiên bản #6 mang thiết kế hiện đại, chất liệu bền bỉ, hỗ trợ tối đa hiệu suất ra sân của bạn.', '3', '0', '72'),
('7', 'Wika Wika Legend #7', '1010000', NULL, 'uploads/shoe_7.svg', 'Giày bóng đá Wika Wika Legend chính hãng phiên bản #7 mang thiết kế hiện đại, chất liệu bền bỉ, hỗ trợ tối đa hiệu suất ra sân của bạn.', '1', '0', '84'),
('8', 'Pan Pan Fighter #8', '1040000', '936000', 'uploads/shoe_8.svg', 'Giày bóng đá Pan Pan Fighter chính hãng phiên bản #8 mang thiết kế hiện đại, chất liệu bền bỉ, hỗ trợ tối đa hiệu suất ra sân của bạn.', '2', '0', '96'),
('9', 'Adidas Copa Pure 3 League TF - Pure Victory', '2100000', '1250000', 'assets/images/adidas_copa_pure3.png', 'Giày bóng đá Adidas Copa Pure 3 League TF chính hãng với thiết kế phom da mềm êm chân, hỗ trợ kiểm soát chạm bóng tối ưu.', '1', '1', '108'),
('10', 'Adidas F50 League TF IF1336 - Xanh/Hồng', '2400000', '1490000', 'assets/images/adidas_f50_league.png', 'Dòng sản phẩm F50 tốc độ huyền thoại của Adidas, sắc xanh phối hồng cá tính và đệm đế giảm áp suất gót chân.', '1', '1', '120'),
('11', 'Puma Future 8 Pro Cage TT Audacity - 108366-03', '2999000', '1750000', 'assets/images/puma_future8.png', 'Thiết kế giày đinh dăm chuyên dụng cho sân cỏ nhân tạo với chất liệu thun co giãn ôm khít cổ chân cực tốt.', '1', '1', '132'),
('12', 'Giày Bóng Đá Kelme TF Mã 8531ZX1036', '1040000', '936000', 'assets/images/kelme_tf.png', 'Giày bóng đá Kelme chính hãng bền bỉ, thích hợp cho người chân bè, thiết kế màu bạc thời thượng và ôm chân thoải mái.', '1', '1', '144'),
('13', 'Adidas Predator Accuracy #13', '1190000', NULL, 'uploads/shoe_13.svg', 'Giày bóng đá Adidas Predator Accuracy chính hãng phiên bản #13 mang thiết kế hiện đại, chất liệu bền bỉ, hỗ trợ tối đa hiệu suất ra sân của bạn.', '1', '0', '156'),
('14', 'Mizuno Mizuno Alpha #14', '1220000', NULL, 'uploads/shoe_14.svg', 'Giày bóng đá Mizuno Mizuno Alpha chính hãng phiên bản #14 mang thiết kế hiện đại, chất liệu bền bỉ, hỗ trợ tối đa hiệu suất ra sân của bạn.', '2', '0', '168'),
('15', 'Puma King Pro #15', '1250000', '1062500', 'uploads/shoe_15.svg', 'Giày bóng đá Puma King Pro chính hãng phiên bản #15 mang thiết kế hiện đại, chất liệu bền bỉ, hỗ trợ tối đa hiệu suất ra sân của bạn.', '3', '1', '180'),
('16', 'Kamito Cobra #16', '1280000', '1152000', 'uploads/shoe_16.svg', 'Giày bóng đá Kamito Cobra chính hãng phiên bản #16 mang thiết kế hiện đại, chất liệu bền bỉ, hỗ trợ tối đa hiệu suất ra sân của bạn.', '2', '0', '192'),
('17', 'Zocker inspire Pro #17', '1310000', NULL, 'uploads/shoe_17.svg', 'Giày bóng đá Zocker inspire Pro chính hãng phiên bản #17 mang thiết kế hiện đại, chất liệu bền bỉ, hỗ trợ tối đa hiệu suất ra sân của bạn.', '1', '0', '204'),
('18', 'Wika Wika Flash #18', '1340000', '1139000', 'uploads/shoe_18.svg', 'Giày bóng đá Wika Wika Flash chính hãng phiên bản #18 mang thiết kế hiện đại, chất liệu bền bỉ, hỗ trợ tối đa hiệu suất ra sân của bạn.', '3', '0', '216'),
('19', 'Pan Pan Super Sonic #19', '1370000', NULL, 'uploads/shoe_19.svg', 'Giày bóng đá Pan Pan Super Sonic chính hãng phiên bản #19 mang thiết kế hiện đại, chất liệu bền bỉ, hỗ trợ tối đa hiệu suất ra sân của bạn.', '1', '0', '228'),
('20', 'Jogarbola Jogarbola Swift #20', '1400000', '1260000', 'uploads/shoe_20.svg', 'Giày bóng đá Jogarbola Jogarbola Swift chính hãng phiên bản #20 mang thiết kế hiện đại, chất liệu bền bỉ, hỗ trợ tối đa hiệu suất ra sân của bạn.', '2', '1', '240'),
('21', 'Kelme Kelme Star #21', '1430000', '1215500', 'uploads/shoe_21.svg', 'Giày bóng đá Kelme Kelme Star chính hãng phiên bản #21 mang thiết kế hiện đại, chất liệu bền bỉ, hỗ trợ tối đa hiệu suất ra sân của bạn.', '3', '0', '252'),
('22', 'NMS NMS Captain #22', '1460000', NULL, 'uploads/shoe_22.svg', 'Giày bóng đá NMS NMS Captain chính hãng phiên bản #22 mang thiết kế hiện đại, chất liệu bền bỉ, hỗ trợ tối đa hiệu suất ra sân của bạn.', '2', '0', '264'),
('23', 'Nike Phantom GX #23', '1490000', NULL, 'uploads/shoe_23.svg', 'Giày bóng đá Nike Phantom GX chính hãng phiên bản #23 mang thiết kế hiện đại, chất liệu bền bỉ, hỗ trợ tối đa hiệu suất ra sân của bạn.', '1', '0', '276'),
('24', 'Adidas X Crazyfast #24', '1520000', '1292000', 'uploads/shoe_24.svg', 'Giày bóng đá Adidas X Crazyfast chính hãng phiên bản #24 mang thiết kế hiện đại, chất liệu bền bỉ, hỗ trợ tối đa hiệu suất ra sân của bạn.', '3', '0', '288'),
('25', 'Mizuno Morelia Neo IV #25', '1550000', NULL, 'uploads/shoe_25.svg', 'Giày bóng đá Mizuno Morelia Neo IV chính hãng phiên bản #25 mang thiết kế hiện đại, chất liệu bền bỉ, hỗ trợ tối đa hiệu suất ra sân của bạn.', '1', '1', '300'),
('26', 'Puma Ultra Match #26', '1580000', NULL, 'uploads/shoe_26.svg', 'Giày bóng đá Puma Ultra Match chính hãng phiên bản #26 mang thiết kế hiện đại, chất liệu bền bỉ, hỗ trợ tối đa hiệu suất ra sân của bạn.', '2', '0', '312'),
('27', 'Kamito Kamito KL #27', '1610000', '1368500', 'uploads/shoe_27.svg', 'Giày bóng đá Kamito Kamito KL chính hãng phiên bản #27 mang thiết kế hiện đại, chất liệu bền bỉ, hỗ trợ tối đa hiệu suất ra sân của bạn.', '3', '0', '324'),
('28', 'Zocker Zocker Focus #28', '1640000', '1476000', 'uploads/shoe_28.svg', 'Giày bóng đá Zocker Zocker Focus chính hãng phiên bản #28 mang thiết kế hiện đại, chất liệu bền bỉ, hỗ trợ tối đa hiệu suất ra sân của bạn.', '2', '0', '336'),
('29', 'Wika Wika Neo #29', '1670000', NULL, 'uploads/shoe_29.svg', 'Giày bóng đá Wika Wika Neo chính hãng phiên bản #29 mang thiết kế hiện đại, chất liệu bền bỉ, hỗ trợ tối đa hiệu suất ra sân của bạn.', '1', '0', '348'),
('30', 'Pan Pan Wave #30', '1700000', '1445000', 'uploads/shoe_30.svg', 'Giày bóng đá Pan Pan Wave chính hãng phiên bản #30 mang thiết kế hiện đại, chất liệu bền bỉ, hỗ trợ tối đa hiệu suất ra sân của bạn.', '3', '1', '360'),
('31', 'Jogarbola Jogarbola 9018 #31', '1730000', NULL, 'uploads/shoe_31.svg', 'Giày bóng đá Jogarbola Jogarbola 9018 chính hãng phiên bản #31 mang thiết kế hiện đại, chất liệu bền bỉ, hỗ trợ tối đa hiệu suất ra sân của bạn.', '1', '0', '372'),
('32', 'Kelme Kelme Madrid #32', '1760000', '1584000', 'uploads/shoe_32.svg', 'Giày bóng đá Kelme Kelme Madrid chính hãng phiên bản #32 mang thiết kế hiện đại, chất liệu bền bỉ, hỗ trợ tối đa hiệu suất ra sân của bạn.', '2', '0', '384'),
('33', 'NMS NMS Classico #33', '1790000', '1521500', 'uploads/shoe_33.svg', 'Giày bóng đá NMS NMS Classico chính hãng phiên bản #33 mang thiết kế hiện đại, chất liệu bền bỉ, hỗ trợ tối đa hiệu suất ra sân của bạn.', '3', '0', '396'),
('34', 'Nike Tiempo Legend #34', '1820000', NULL, 'uploads/shoe_34.svg', 'Giày bóng đá Nike Tiempo Legend chính hãng phiên bản #34 mang thiết kế hiện đại, chất liệu bền bỉ, hỗ trợ tối đa hiệu suất ra sân của bạn.', '2', '0', '408'),
('35', 'Adidas Copa Pure #35', '1850000', NULL, 'uploads/shoe_35.svg', 'Giày bóng đá Adidas Copa Pure chính hãng phiên bản #35 mang thiết kế hiện đại, chất liệu bền bỉ, hỗ trợ tối đa hiệu suất ra sân của bạn.', '1', '1', '420'),
('36', 'Mizuno Morelia Sala #36', '1880000', '1598000', 'uploads/shoe_36.svg', 'Giày bóng đá Mizuno Morelia Sala chính hãng phiên bản #36 mang thiết kế hiện đại, chất liệu bền bỉ, hỗ trợ tối đa hiệu suất ra sân của bạn.', '3', '0', '432'),
('37', 'Puma Future Play #37', '1910000', NULL, 'uploads/shoe_37.svg', 'Giày bóng đá Puma Future Play chính hãng phiên bản #37 mang thiết kế hiện đại, chất liệu bền bỉ, hỗ trợ tối đa hiệu suất ra sân của bạn.', '1', '0', '444'),
('38', 'Kamito TA11 Pro #38', '1940000', NULL, 'uploads/shoe_38.svg', 'Giày bóng đá Kamito TA11 Pro chính hãng phiên bản #38 mang thiết kế hiện đại, chất liệu bền bỉ, hỗ trợ tối đa hiệu suất ra sân của bạn.', '2', '0', '456'),
('39', 'Zocker Zocker Space #39', '1970000', '1674500', 'uploads/shoe_39.svg', 'Giày bóng đá Zocker Zocker Space chính hãng phiên bản #39 mang thiết kế hiện đại, chất liệu bền bỉ, hỗ trợ tối đa hiệu suất ra sân của bạn.', '3', '0', '468'),
('40', 'Wika Wika Submax #40', '2000000', '1800000', 'uploads/shoe_40.svg', 'Giày bóng đá Wika Wika Submax chính hãng phiên bản #40 mang thiết kế hiện đại, chất liệu bền bỉ, hỗ trợ tối đa hiệu suất ra sân của bạn.', '2', '1', '480'),
('41', 'Pan Pan Vigor #41', '2030000', NULL, 'uploads/shoe_41.svg', 'Giày bóng đá Pan Pan Vigor chính hãng phiên bản #41 mang thiết kế hiện đại, chất liệu bền bỉ, hỗ trợ tối đa hiệu suất ra sân của bạn.', '1', '0', '492'),
('42', 'Jogarbola Jogarbola Koha #42', '2060000', '1751000', 'uploads/shoe_42.svg', 'Giày bóng đá Jogarbola Jogarbola Koha chính hãng phiên bản #42 mang thiết kế hiện đại, chất liệu bền bỉ, hỗ trợ tối đa hiệu suất ra sân của bạn.', '3', '0', '504'),
('43', 'Kelme Kelme Champion #43', '2090000', NULL, 'uploads/shoe_43.svg', 'Giày bóng đá Kelme Kelme Champion chính hãng phiên bản #43 mang thiết kế hiện đại, chất liệu bền bỉ, hỗ trợ tối đa hiệu suất ra sân của bạn.', '1', '0', '516'),
('44', 'NMS NMS Pro #44', '2120000', '1908000', 'uploads/shoe_44.svg', 'Giày bóng đá NMS NMS Pro chính hãng phiên bản #44 mang thiết kế hiện đại, chất liệu bền bỉ, hỗ trợ tối đa hiệu suất ra sân của bạn.', '2', '0', '528'),
('45', 'Nike Mercurial Vapor #45', '2150000', '1827500', 'uploads/shoe_45.svg', 'Giày bóng đá Nike Mercurial Vapor chính hãng phiên bản #45 mang thiết kế hiện đại, chất liệu bền bỉ, hỗ trợ tối đa hiệu suất ra sân của bạn.', '3', '1', '540'),
('46', 'Adidas F50 League #46', '2180000', NULL, 'uploads/shoe_46.svg', 'Giày bóng đá Adidas F50 League chính hãng phiên bản #46 mang thiết kế hiện đại, chất liệu bền bỉ, hỗ trợ tối đa hiệu suất ra sân của bạn.', '2', '0', '552'),
('47', 'Mizuno Monarcida Neo Select #47', '2210000', NULL, 'uploads/shoe_47.svg', 'Giày bóng đá Mizuno Monarcida Neo Select chính hãng phiên bản #47 mang thiết kế hiện đại, chất liệu bền bỉ, hỗ trợ tối đa hiệu suất ra sân của bạn.', '1', '0', '564'),
('48', 'Puma Future Ultimate #48', '2240000', '1904000', 'uploads/shoe_48.svg', 'Giày bóng đá Puma Future Ultimate chính hãng phiên bản #48 mang thiết kế hiện đại, chất liệu bền bỉ, hỗ trợ tối đa hiệu suất ra sân của bạn.', '3', '0', '576'),
('49', 'Kamito Velocidad II #49', '2270000', NULL, 'uploads/shoe_49.svg', 'Giày bóng đá Kamito Velocidad II chính hãng phiên bản #49 mang thiết kế hiện đại, chất liệu bền bỉ, hỗ trợ tối đa hiệu suất ra sân của bạn.', '1', '0', '588'),
('50', 'Zocker Winner #50', '2300000', NULL, 'uploads/shoe_50.svg', 'Giày bóng đá Zocker Winner chính hãng phiên bản #50 mang thiết kế hiện đại, chất liệu bền bỉ, hỗ trợ tối đa hiệu suất ra sân của bạn.', '2', '1', '600'),
('51', 'Wika Wika Legend #51', '2330000', '1980500', 'uploads/shoe_51.svg', 'Giày bóng đá Wika Wika Legend chính hãng phiên bản #51 mang thiết kế hiện đại, chất liệu bền bỉ, hỗ trợ tối đa hiệu suất ra sân của bạn.', '3', '0', '612'),
('52', 'Pan Pan Fighter #52', '2360000', '2124000', 'uploads/shoe_52.svg', 'Giày bóng đá Pan Pan Fighter chính hãng phiên bản #52 mang thiết kế hiện đại, chất liệu bền bỉ, hỗ trợ tối đa hiệu suất ra sân của bạn.', '2', '0', '624'),
('53', 'Jogarbola JGBL Color #53', '2390000', NULL, 'uploads/shoe_53.svg', 'Giày bóng đá Jogarbola JGBL Color chính hãng phiên bản #53 mang thiết kế hiện đại, chất liệu bền bỉ, hỗ trợ tối đa hiệu suất ra sân của bạn.', '1', '0', '636'),
('54', 'Kelme Kelme Intense #54', '2420000', '2057000', 'uploads/shoe_54.svg', 'Giày bóng đá Kelme Kelme Intense chính hãng phiên bản #54 mang thiết kế hiện đại, chất liệu bền bỉ, hỗ trợ tối đa hiệu suất ra sân của bạn.', '3', '0', '648'),
('55', 'NMS NMS Elite #55', '2450000', NULL, 'uploads/shoe_55.svg', 'Giày bóng đá NMS NMS Elite chính hãng phiên bản #55 mang thiết kế hiện đại, chất liệu bền bỉ, hỗ trợ tối đa hiệu suất ra sân của bạn.', '1', '1', '660'),
('56', 'Nike Air Zoom Superfly #56', '2480000', '2232000', 'uploads/shoe_56.svg', 'Giày bóng đá Nike Air Zoom Superfly chính hãng phiên bản #56 mang thiết kế hiện đại, chất liệu bền bỉ, hỗ trợ tối đa hiệu suất ra sân của bạn.', '2', '0', '672'),
('57', 'Adidas Predator Accuracy #57', '2510000', '2133500', 'uploads/shoe_57.svg', 'Giày bóng đá Adidas Predator Accuracy chính hãng phiên bản #57 mang thiết kế hiện đại, chất liệu bền bỉ, hỗ trợ tối đa hiệu suất ra sân của bạn.', '3', '0', '684'),
('58', 'Mizuno Mizuno Alpha #58', '2540000', NULL, 'uploads/shoe_58.svg', 'Giày bóng đá Mizuno Mizuno Alpha chính hãng phiên bản #58 mang thiết kế hiện đại, chất liệu bền bỉ, hỗ trợ tối đa hiệu suất ra sân của bạn.', '2', '0', '696'),
('59', 'Puma King Pro #59', '2570000', NULL, 'uploads/shoe_59.svg', 'Giày bóng đá Puma King Pro chính hãng phiên bản #59 mang thiết kế hiện đại, chất liệu bền bỉ, hỗ trợ tối đa hiệu suất ra sân của bạn.', '1', '0', '708'),
('60', 'Kamito Cobra #60', '2600000', '2210000', 'uploads/shoe_60.svg', 'Giày bóng đá Kamito Cobra chính hãng phiên bản #60 mang thiết kế hiện đại, chất liệu bền bỉ, hỗ trợ tối đa hiệu suất ra sân của bạn.', '3', '1', '720'),
('61', 'Zocker inspire Pro #61', '2630000', NULL, 'uploads/shoe_61.svg', 'Giày bóng đá Zocker inspire Pro chính hãng phiên bản #61 mang thiết kế hiện đại, chất liệu bền bỉ, hỗ trợ tối đa hiệu suất ra sân của bạn.', '1', '0', '732'),
('62', 'Wika Wika Flash #62', '2660000', NULL, 'uploads/shoe_62.svg', 'Giày bóng đá Wika Wika Flash chính hãng phiên bản #62 mang thiết kế hiện đại, chất liệu bền bỉ, hỗ trợ tối đa hiệu suất ra sân của bạn.', '2', '0', '744'),
('63', 'Pan Pan Super Sonic #63', '2690000', '2286500', 'uploads/shoe_63.svg', 'Giày bóng đá Pan Pan Super Sonic chính hãng phiên bản #63 mang thiết kế hiện đại, chất liệu bền bỉ, hỗ trợ tối đa hiệu suất ra sân của bạn.', '3', '0', '756'),
('64', 'Jogarbola Jogarbola Swift #64', '2720000', '2448000', 'uploads/shoe_64.svg', 'Giày bóng đá Jogarbola Jogarbola Swift chính hãng phiên bản #64 mang thiết kế hiện đại, chất liệu bền bỉ, hỗ trợ tối đa hiệu suất ra sân của bạn.', '2', '0', '768'),
('65', 'Kelme Kelme Star #65', '2750000', NULL, 'uploads/shoe_65.svg', 'Giày bóng đá Kelme Kelme Star chính hãng phiên bản #65 mang thiết kế hiện đại, chất liệu bền bỉ, hỗ trợ tối đa hiệu suất ra sân của bạn.', '1', '1', '780'),
('66', 'NMS NMS Captain #66', '2780000', '2363000', 'uploads/shoe_66.svg', 'Giày bóng đá NMS NMS Captain chính hãng phiên bản #66 mang thiết kế hiện đại, chất liệu bền bỉ, hỗ trợ tối đa hiệu suất ra sân của bạn.', '3', '0', '792'),
('67', 'Nike Phantom GX #67', '2810000', NULL, 'uploads/shoe_67.svg', 'Giày bóng đá Nike Phantom GX chính hãng phiên bản #67 mang thiết kế hiện đại, chất liệu bền bỉ, hỗ trợ tối đa hiệu suất ra sân của bạn.', '1', '0', '804'),
('68', 'Adidas X Crazyfast #68', '2840000', '2556000', 'uploads/shoe_68.svg', 'Giày bóng đá Adidas X Crazyfast chính hãng phiên bản #68 mang thiết kế hiện đại, chất liệu bền bỉ, hỗ trợ tối đa hiệu suất ra sân của bạn.', '2', '0', '816'),
('69', 'Quả Bóng Đá Kelme Mã 9086842', '420000', NULL, 'assets/images/ball_kelme_1_1782372758164.png', 'Quả bóng Kelme tiêu chuẩn, da PU bền bỉ, độ nảy tốt trên mọi mặt sân cỏ nhân tạo.', '4', '1', '150'),
('70', 'Quả Bóng Đá Kelme Mã 9886130', '370000', NULL, 'assets/images/ball_kelme_2_1782372767938.png', 'Bóng đá KELME dán nhiệt cao cấp, độ bám dính siêu tốt, không thấm nước.', '4', '1', '120'),
('71', 'Quả Bóng Đá Kelme MÃ 8101QU5001', '710000', NULL, 'assets/images/ball_kelme_3_1782372779163.png', 'Quả bóng chuẩn FIFA Quality, màu sắc nổi bật, cảm giác chạm bóng êm ái, thích hợp thi đấu chuyên nghiệp.', '4', '1', '300'),
('72', 'Quả Bóng Đá AFC Challenge League mã AFC25QU5000C', '2300000', '2100000', 'assets/images/ball_afc_4_1782372790473.png', 'Quả bóng chính thức giải đấu AFC Challenge League. Công nghệ dán nhiệt không đường may.', '4', '1', '500'),
('73', 'Giày Pickleball Asics Gel Dedicate 8 - 1042A257-300 - Xanh Mint/Trắng', '2300000', '1950000', 'uploads/asics_gel_dedicate_8_mint.svg', 'Giày chơi Pickleball Asics Gel Dedicate 8 chính hãng, phiên bản màu xanh mint thời thượng kết hợp đế cao su bám sân.', '5', '1', '350'),
('74', 'Giày Pickleball Asics Gel Dedicate 8 Wide - 1041A410-105 - White/Midnight', '2000000', '1650000', 'uploads/asics_gel_dedicate_8_wide.svg', 'Thiết kế bề ngang rộng (Wide) chuyên biệt cho người chân bè, mang lại cảm giác thoải mái khi di chuyển.', '5', '1', '290'),
('75', 'Giày Pickleball Asics Gel Game FF - 1041A489 101 - White/Black', '2000000', '1650000', 'uploads/asics_gel_game_ff_white_black.svg', 'Dòng sản phẩm Gel Game FF giảm chấn tối ưu, bám sân cực tốt cho các bước chạy nhanh nhẹn.', '5', '1', '410'),
('76', 'Giày Pickleball Nike Court Air Zoom Vapor Pro 3 Hc - FZ2161-101 - Trắng/Đen', '3500000', '2750000', 'uploads/nike_court_vapor_pro_3_black.svg', 'Giày chơi Pickleball Nike Court Air Zoom Vapor Pro 3 ôm sát bàn chân, đế bám sân cực tốt.', '5', '1', '480'),
('77', 'Giày Pickleball Nike Court Air Zoom Vapor Pro - CZ0220-133 - Màu Trắng Xanh Navy', '3000000', '2350000', 'uploads/nike_court_vapor_pro_navy.svg', 'Giày chơi Pickleball Nike Court Air Zoom Vapor Pro nhẹ nhàng, sắc nét cùng gam màu trắng xanh navy cổ điển.', '5', '1', '320'),
('78', 'Giày Pickleball Nike Court Lite 4 - FD6574-106 - Xanh/Trắng', '2070000', '1550000', 'uploads/nike_court_lite_4_blue.svg', 'Giày chơi Pickleball Nike Court Lite 4 chính hãng bền bỉ, êm ái cho người chơi phong trào.', '5', '1', '280'),
('79', 'Giày Pickleball Nike Vapor Pro 3 HC PRM - HV1376-100 - Màu Trắng Cam', '3000000', '2350000', 'uploads/nike_vapor_pro_3_orange.svg', 'Giày Pickleball Nike Vapor Pro 3 phiên bản Premium đặc sắc với điểm nhấn màu cam cá tính.', '5', '1', '310'),
('80', 'Giày Nike Court Air Zoom Vapor Pro 3 HC FZ2158-401 - Màu Tím Khoai Môn', '3000000', '2350000', 'uploads/nike_vapor_pro_3_purple.svg', 'Phiên bản màu tím khoai môn độc đáo, đệm khí Zoom Air êm ái phản hồi lực tốt.', '5', '1', '430'),
('81', 'Giày Pickleball Joma P.Stroke Men - PSTROS2502 - Màu Trắng', '1970000', '1450000', 'uploads/joma_p_stroke_white.svg', 'Giày chơi Pickleball Joma chính hãng bền bỉ, ôm chân thoải mái, chống lật cổ chân.', '5', '1', '195'),
('82', 'Vợt Pickleball Joola Agassi Pro V', '9400000', '5800000', 'uploads/joola_agassi_pro_v.svg', 'Vợt Pickleball Joola Agassi Pro V thiết kế vân carbon nhám hỗ trợ tạo xoáy cao, lõi 16mm/14mm cho khả năng kiểm soát tuyệt đối.', '5', '1', '480'),
('83', 'Vợt Pickleball Joola Hyperion Pro V', '9400000', '5800000', 'uploads/joola_hyperion_pro_v.svg', 'Dòng vợt Pickleball Joola Hyperion Pro V tối ưu lực đập bóng và diện tích điểm ngọt rộng.', '5', '1', '390'),
('84', 'Vợt Pickleball Joola Perseus Pro V', '9400000', '5800000', 'uploads/joola_perseus_pro_v.svg', 'Vợt Pickleball Joola Perseus Pro V được sử dụng bởi các vận động viên chuyên nghiệp hàng đầu.', '5', '1', '560'),
('85', 'Vợt Pickleball Voltano Apex Pro', '6000000', '3800000', 'uploads/voltano_apex_pro.svg', 'Vợt Voltano Apex Pro mang lại độ nảy tối ưu cùng khả năng trợ lực vượt trội.', '5', '0', '240'),
('86', 'Vợt Pickleball Zocker Aspire', '2900000', '1800000', 'uploads/zocker_aspire.svg', 'Vợt Zocker Aspire phom cán dài thời thượng, sợi thủy tinh kết hợp carbon.', '5', '0', '195'),
('87', 'Giày Pickleball Nike Court Vapor 12', '3800000', '2400000', 'uploads/nike_vapor_12.svg', 'Giày chơi Pickleball Nike Court Vapor 12 nhẹ nhàng, linh hoạt cho những bước chạy bứt tốc.', '5', '0', '215'),
('88', 'Giày Pickleball Babolat Jet Mach 4', '5000000', '3200000', 'uploads/babolat_jet_mach_4.svg', 'Giày chơi Pickleball Babolat Jet Mach 4 với công nghệ đế Michelin siêu bền bỉ.', '5', '1', '410'),
('89', 'Giày Pickleball Asics Court FF 3 -1041A370-106 - Trắng/Hồng/Xanh', '4200000', '3300000', 'uploads/asics_court_ff_3.svg', 'Giày Pickleball Asics Court FF 3 chính hãng thiết kế phom ôm chân, tăng độ linh hoạt khi di chuyển.', '5', '1', '520'),
('90', 'Giày Pickleball Asics Game FF Clay/OC - 1041A489-104 - White/Dark Neptune', '3000000', '1950000', 'uploads/asics_game_ff.svg', 'Giày Asics Game FF nhẹ nhàng, giảm chấn tối ưu cho những bước bứt tốc nhanh nhẹn.', '5', '1', '380'),
('91', 'Giày Pickleball Asics Gel Challenger 15 - 1042A294-102 - Màu Trắng', '3500000', '2399000', 'uploads/asics_gel_challenger_15.svg', 'Dòng sản phẩm Gel Challenger 15 độ bám vượt trội trên mọi bề mặt sân Pickleball.', '5', '1', '490'),
('92', 'Bóng Pickleball Joola 3S Dual - 3 Quả', '200000', '150000', 'uploads/pickleball_joola_3s_dual.svg', 'Bóng Pickleball Joola 3S Dual chuyên dụng độ bền cao, độ nảy chuẩn.', '5', '0', '180'),
('93', 'Hộp 3 Quả Bóng Pickleball Franklin Signature', '250000', '180000', 'uploads/pickleball_franklin_sig.svg', 'Bóng Franklin Signature tiêu chuẩn thi đấu USAPA.', '5', '0', '140'),
('94', 'Bóng Pickleball Facolos Elite - Hộp 6 Quả', '500000', '350000', 'uploads/pickleball_facolos_elite.svg', 'Bóng Facolos Elite hộp 6 quả, độ nảy và phom tròn hoàn hảo.', '5', '0', '220'),
('95', 'Balo Pickleball Joola Backpack', '1200000', '850000', 'uploads/pickleball_joola_backpack.svg', 'Balo đựng vợt Pickleball Joola thời trang kháng nước cực tốt.', '5', '0', '160'),
('96', 'Vợt Pickleball Selkirk Vanguard', '4800000', '3900000', 'uploads/pickleball_selkirk_vanguard.svg', 'Vợt Selkirk Vanguard cao cấp mặt sợi carbon siêu êm.', '5', '1', '310'),
('97', 'Vợt Pickleball Facolos Elite', '3800000', '2900000', 'uploads/pickleball_facolos_elite.svg', 'Vợt Facolos Elite trợ lực đập bóng cực mạnh mẽ.', '5', '0', '275'),
('98', 'Vợt Pickleball Kamito Dominus', '2100000', '1500000', 'uploads/pickleball_kamito_dominus.svg', 'Vợt Kamito Dominus phom đầm tay cho người mới bắt đầu.', '5', '0', '230'),
('99', 'Giày Pickleball Asics Gel Game FF - 1041A489-103 - White/Dark Cobalt', '3000000', '1650000', 'uploads/asics_gel_game_ff_cobalt.svg', 'Giày chơi Pickleball Asics Gel Game FF cao cấp, thiết kế thăng bằng ổn định.', '5', '0', '195'),
('100', 'Giày Pickleball Asics Gel Game GS 1044A083 - 110 White Greyish Purple', '2500000', '1350000', 'uploads/asics_gel_game_gs_purple.svg', 'Giày chơi Pickleball trẻ em và thiếu niên Asics Gel Game GS siêu êm nhẹ.', '5', '0', '110'),
('101', 'Giày Pickleball Asics Gel Resolution X GS 1044A081 - 400', '3000000', '1650000', 'uploads/asics_gel_resolution_x.svg', 'Giày chơi Pickleball Asics Gel Resolution X GS hỗ trợ kiểm soát bước chạy và bảo vệ mắt cá.', '5', '0', '240'),
('102', 'Giày Pickleball Asics Gel Game GS 1044A052 - 406 Teal Blue/White', '2600000', '1400000', 'uploads/asics_gel_game_gs_teal.svg', 'Giày Pickleball Asics Gel Game GS màu xanh ngọc thời thượng bám sân.', '5', '0', '165'),
('103', 'Giày Pickleball Asics Upcourt 6 - 1074A045 701 - Màu hồng', '2600000', '1699000', 'uploads/asics_upcourt_6_pink.svg', 'Giày Pickleball nữ Asics Upcourt 6 sắc hồng xinh xắn bền bỉ.', '5', '0', '180'),
('104', 'Giày đá bóng cỏ nhân tạo Adidas F50 Messi League TF El Ultimo Tango - Ivory/Semi Blue Burst/Icey Blue IH1903', '2700000', '2450000', 'uploads/adidas_f50_messi_tf.png', 'Giày đá bóng cỏ nhân tạo Adidas F50 Messi League TF chính hãng màu trắng xanh sang trọng.', '1', '1', '450'),
('105', 'Giày đá bóng cỏ nhân tạo Adidas F50 Hyperfast League TF Road to Glory - Solar Turbo/Core Black/Gold Metallic IH4582', '2600000', '2350000', 'uploads/adidas_f50_hyperfast_tf.png', 'Giày Adidas F50 Hyperfast League TF Road to Glory phiên bản màu hồng cá tính nổi bật.', '1', '1', '390'),
('106', 'Giày đá bóng cỏ nhân tạo Adidas Predator League Fold-over Tongue TF Road to Glory - Solar Turbo/Thermal Chrome/Core Black IH7212', '2700000', '2350000', 'uploads/adidas_predator_tf.png', 'Giày Adidas Predator League Fold-over Tongue TF Road to Glory có lưỡi gà gập cổ điển cực đẹp.', '1', '1', '420'),
('107', 'Giày đá bóng cỏ nhân tạo Nike Phantom 6 Pro Low Cut TF Breakout - Pink/White/Black IQ2155-900', '4109000', '3250000', 'uploads/nike_phantom_g_pro_tf.png', 'Giày bóng đá Nike Phantom 6 Pro Low Cut TF Breakout màu hồng trắng đen cao cấp chuyên nghiệp.', '1', '1', '510'),
('108', 'Giày đá bóng cỏ nhân tạo Nike Tiempo Ligera Pro TF Breakout - Pink/Black IQ2384-901', '4239000', '3350000', 'uploads/nike_tiempo_ligera_tf.png', 'Dòng giày da bê thật Nike Tiempo Ligera Pro TF Breakout êm ái ôm khít bàn chân bè.', '1', '0', '310'),
('109', 'Giày đá bóng cỏ nhân tạo Nike Tiempo Maestro Academy TF Breakout - Pink/Black IQ2388-901', '2479000', '2250000', 'uploads/nike_tiempo_maestro_tf.png', 'Giày bóng đá Nike Tiempo Maestro Academy TF Breakout chính hãng bền bỉ.', '1', '0', '280'),
('110', 'Giày đá bóng cỏ nhân tạo Nike Phantom 6 Academy Low Cut TF Breakout - Pink/White/Black IQ2399-900', '2629000', '2450000', 'uploads/nike_phantom_g_academy_tf.png', 'Giày Nike Phantom 6 Academy Low Cut TF Breakout màu hồng bám sân cỏ nhân tạo cực tốt.', '1', '0', '330'),
('111', 'Giày đá bóng cỏ nhân tạo Zocker Winner Energy Gen II - Dark Blue SNS-010-DB', '699000', NULL, 'uploads/zocker_winner_energy_db.png', 'Giày bóng đá Zocker Winner Energy Gen II thiết kế màu xanh dương đậm khỏe khoắn độ bền cao.', '1', '0', '190'),
('120', 'Giày Nike Freak 5 \'Alphabet Bros\' DX4985-600', '3200000', '2880000', 'uploads/sneaker_1.svg', 'Giày Sneaker thể thao chính hãng cao cấp, thiết kế phom dáng ôm chân cực êm ái, bám đường tốt, phù hợp đi chơi và vận động thể thao.', '6', '1', '592'),
('121', 'Giày Nike SB Air Max Ishod \'Silver Bullet\' HF3062-001', '3390000', NULL, 'uploads/sneaker_2.svg', 'Giày Sneaker thể thao chính hãng cao cấp, thiết kế phom dáng ôm chân cực êm ái, bám đường tốt, phù hợp đi chơi và vận động thể thao.', '6', '1', '730'),
('122', 'Giày Nike Air Max DN \'Black White\' (WMNS) FJ3145-002', '4200000', NULL, 'uploads/sneaker_3.svg', 'Giày Sneaker thể thao chính hãng cao cấp, thiết kế phom dáng ôm chân cực êm ái, bám đường tốt, phù hợp đi chơi và vận động thể thao.', '6', '1', '666'),
('123', 'Giày Li-Ning cầu lông Feiying AYTU001-4', '1190000', '1071000', 'uploads/sneaker_4.svg', 'Giày Sneaker thể thao chính hãng cao cấp, thiết kế phom dáng ôm chân cực êm ái, bám đường tốt, phù hợp đi chơi và vận động thể thao.', '6', '1', '794'),
('124', 'Giày Air Jordan 1 Mid SE Craft \'Inside Out - White Sail\' DM9652-120', '3900000', NULL, 'uploads/sneaker_5.svg', 'Giày Sneaker thể thao chính hãng cao cấp, thiết kế phom dáng ôm chân cực êm ái, bám đường tốt, phù hợp đi chơi và vận động thể thao.', '6', '1', '135'),
('125', 'Giày New Balance 878 \'Navy Silver\' CM878KE1', '2290000', NULL, 'uploads/sneaker_6.svg', 'Giày Sneaker thể thao chính hãng cao cấp, thiết kế phom dáng ôm chân cực êm ái, bám đường tốt, phù hợp đi chơi và vận động thể thao.', '6', '1', '770'),
('126', 'Giày Nike Air Force 1 Boot NN \'Dark Smoke Grey Crater\' DD0747-001', '9890000', '8901000', 'uploads/sneaker_7.svg', 'Giày Sneaker thể thao chính hãng cao cấp, thiết kế phom dáng ôm chân cực êm ái, bám đường tốt, phù hợp đi chơi và vận động thể thao.', '6', '1', '474'),
('127', 'Giày Air Jordan 1 Low \'Denim\' IH0648-141', '3090000', NULL, 'uploads/sneaker_8.svg', 'Giày Sneaker thể thao chính hãng cao cấp, thiết kế phom dáng ôm chân cực êm ái, bám đường tốt, phù hợp đi chơi và vận động thể thao.', '6', '1', '123'),
('128', 'Giày Air Jordan 1 Low \'Pine Green\' 553558-301', '11490000', NULL, 'uploads/sneaker_9.svg', 'Giày Sneaker thể thao chính hãng cao cấp, thiết kế phom dáng ôm chân cực êm ái, bám đường tốt, phù hợp đi chơi và vận động thể thao.', '6', '1', '448'),
('129', 'Giày Li-Ning Blade DF-01 Pro \'White Blue Red\' AYAT005-1', '2290000', '2061000', 'uploads/sneaker_10.svg', 'Giày Sneaker thể thao chính hãng cao cấp, thiết kế phom dáng ôm chân cực êm ái, bám đường tốt, phù hợp đi chơi và vận động thể thao.', '6', '1', '344'),
('130', 'Giày Jordan Super Speed #11', '1610000', NULL, 'uploads/sneaker_11.svg', 'Giày Sneaker thể thao chính hãng cao cấp, thiết kế phom dáng ôm chân cực êm ái, bám đường tốt, phù hợp đi chơi và vận động thể thao.', '6', '0', '489'),
('131', 'Giày Li-Ning City Walk #12', '1710000', NULL, 'uploads/sneaker_12.svg', 'Giày Sneaker thể thao chính hãng cao cấp, thiết kế phom dáng ôm chân cực êm ái, bám đường tốt, phù hợp đi chơi và vận động thể thao.', '6', '0', '169'),
('132', 'Giày New Balance Style Runner #13', '3470000', '2949500', 'uploads/sneaker_13.svg', 'Giày Sneaker thể thao chính hãng cao cấp, thiết kế phom dáng ôm chân cực êm ái, bám đường tốt, phù hợp đi chơi và vận động thể thao.', '6', '0', '414'),
('133', 'Giày Puma Flex Comfort #14', '3620000', NULL, 'uploads/sneaker_14.svg', 'Giày Sneaker thể thao chính hãng cao cấp, thiết kế phom dáng ôm chân cực êm ái, bám đường tốt, phù hợp đi chơi và vận động thể thao.', '6', '0', '654'),
('134', 'Giày Mizuno Court Pro #15', '2830000', NULL, 'uploads/sneaker_15.svg', 'Giày Sneaker thể thao chính hãng cao cấp, thiết kế phom dáng ôm chân cực êm ái, bám đường tốt, phù hợp đi chơi và vận động thể thao.', '6', '0', '187'),
('135', 'Giày Asics Air Max Zoom #16', '4120000', '3502000', 'uploads/sneaker_16.svg', 'Giày Sneaker thể thao chính hãng cao cấp, thiết kế phom dáng ôm chân cực êm ái, bám đường tốt, phù hợp đi chơi và vận động thể thao.', '6', '0', '389'),
('136', 'Giày Nike Retro Classic #17', '2160000', NULL, 'uploads/sneaker_17.svg', 'Giày Sneaker thể thao chính hãng cao cấp, thiết kế phom dáng ôm chân cực êm ái, bám đường tốt, phù hợp đi chơi và vận động thể thao.', '6', '0', '424'),
('137', 'Giày Adidas Super Speed #18', '1580000', NULL, 'uploads/sneaker_18.svg', 'Giày Sneaker thể thao chính hãng cao cấp, thiết kế phom dáng ôm chân cực êm ái, bám đường tốt, phù hợp đi chơi và vận động thể thao.', '6', '0', '527'),
('138', 'Giày Jordan City Walk #19', '4350000', '3697500', 'uploads/sneaker_19.svg', 'Giày Sneaker thể thao chính hãng cao cấp, thiết kế phom dáng ôm chân cực êm ái, bám đường tốt, phù hợp đi chơi và vận động thể thao.', '6', '0', '361'),
('139', 'Giày Li-Ning Style Runner #20', '4270000', NULL, 'uploads/sneaker_20.svg', 'Giày Sneaker thể thao chính hãng cao cấp, thiết kế phom dáng ôm chân cực êm ái, bám đường tốt, phù hợp đi chơi và vận động thể thao.', '6', '0', '586'),
('140', 'Giày New Balance Flex Comfort #21', '1950000', NULL, 'uploads/sneaker_21.svg', 'Giày Sneaker thể thao chính hãng cao cấp, thiết kế phom dáng ôm chân cực êm ái, bám đường tốt, phù hợp đi chơi và vận động thể thao.', '6', '0', '696'),
('141', 'Giày Puma Court Pro #22', '2430000', '2065500', 'uploads/sneaker_22.svg', 'Giày Sneaker thể thao chính hãng cao cấp, thiết kế phom dáng ôm chân cực êm ái, bám đường tốt, phù hợp đi chơi và vận động thể thao.', '6', '0', '132'),
('142', 'Giày Mizuno Air Max Zoom #23', '3780000', NULL, 'uploads/sneaker_23.svg', 'Giày Sneaker thể thao chính hãng cao cấp, thiết kế phom dáng ôm chân cực êm ái, bám đường tốt, phù hợp đi chơi và vận động thể thao.', '6', '0', '228'),
('143', 'Giày Asics Retro Classic #24', '3030000', NULL, 'uploads/sneaker_24.svg', 'Giày Sneaker thể thao chính hãng cao cấp, thiết kế phom dáng ôm chân cực êm ái, bám đường tốt, phù hợp đi chơi và vận động thể thao.', '6', '0', '411'),
('144', 'Giày Nike Super Speed #25', '3270000', '2779500', 'uploads/sneaker_25.svg', 'Giày Sneaker thể thao chính hãng cao cấp, thiết kế phom dáng ôm chân cực êm ái, bám đường tốt, phù hợp đi chơi và vận động thể thao.', '6', '0', '711'),
('145', 'Giày Adidas City Walk #26', '3300000', NULL, 'uploads/sneaker_26.svg', 'Giày Sneaker thể thao chính hãng cao cấp, thiết kế phom dáng ôm chân cực êm ái, bám đường tốt, phù hợp đi chơi và vận động thể thao.', '6', '0', '542'),
('146', 'Giày Jordan Style Runner #27', '2760000', NULL, 'uploads/sneaker_27.svg', 'Giày Sneaker thể thao chính hãng cao cấp, thiết kế phom dáng ôm chân cực êm ái, bám đường tốt, phù hợp đi chơi và vận động thể thao.', '6', '0', '278'),
('147', 'Giày Li-Ning Flex Comfort #28', '2970000', '2524500', 'uploads/sneaker_28.svg', 'Giày Sneaker thể thao chính hãng cao cấp, thiết kế phom dáng ôm chân cực êm ái, bám đường tốt, phù hợp đi chơi và vận động thể thao.', '6', '0', '485'),
('148', 'Giày New Balance Court Pro #29', '2810000', NULL, 'uploads/sneaker_29.svg', 'Giày Sneaker thể thao chính hãng cao cấp, thiết kế phom dáng ôm chân cực êm ái, bám đường tốt, phù hợp đi chơi và vận động thể thao.', '6', '0', '736'),
('149', 'Giày Puma Air Max Zoom #30', '4440000', NULL, 'uploads/sneaker_30.svg', 'Giày Sneaker thể thao chính hãng cao cấp, thiết kế phom dáng ôm chân cực êm ái, bám đường tốt, phù hợp đi chơi và vận động thể thao.', '6', '0', '121'),
('150', 'Giày Mizuno Retro Classic #31', '2370000', '2014500', 'uploads/sneaker_31.svg', 'Giày Sneaker thể thao chính hãng cao cấp, thiết kế phom dáng ôm chân cực êm ái, bám đường tốt, phù hợp đi chơi và vận động thể thao.', '6', '0', '781'),
('151', 'Giày Asics Super Speed #32', '3370000', NULL, 'uploads/sneaker_32.svg', 'Giày Sneaker thể thao chính hãng cao cấp, thiết kế phom dáng ôm chân cực êm ái, bám đường tốt, phù hợp đi chơi và vận động thể thao.', '6', '0', '376'),
('152', 'Giày Nike City Walk #33', '4410000', NULL, 'uploads/sneaker_33.svg', 'Giày Sneaker thể thao chính hãng cao cấp, thiết kế phom dáng ôm chân cực êm ái, bám đường tốt, phù hợp đi chơi và vận động thể thao.', '6', '0', '201'),
('153', 'Giày Adidas Style Runner #34', '3230000', '2745500', 'uploads/sneaker_34.svg', 'Giày Sneaker thể thao chính hãng cao cấp, thiết kế phom dáng ôm chân cực êm ái, bám đường tốt, phù hợp đi chơi và vận động thể thao.', '6', '0', '336'),
('154', 'Giày Jordan Flex Comfort #35', '4050000', NULL, 'uploads/sneaker_35.svg', 'Giày Sneaker thể thao chính hãng cao cấp, thiết kế phom dáng ôm chân cực êm ái, bám đường tốt, phù hợp đi chơi và vận động thể thao.', '6', '0', '100'),
('155', 'Giày Li-Ning Court Pro #36', '2150000', NULL, 'uploads/sneaker_36.svg', 'Giày Sneaker thể thao chính hãng cao cấp, thiết kế phom dáng ôm chân cực êm ái, bám đường tốt, phù hợp đi chơi và vận động thể thao.', '6', '0', '727'),
('156', 'Giày New Balance Air Max Zoom #37', '1780000', '1513000', 'uploads/sneaker_37.svg', 'Giày Sneaker thể thao chính hãng cao cấp, thiết kế phom dáng ôm chân cực êm ái, bám đường tốt, phù hợp đi chơi và vận động thể thao.', '6', '0', '793'),
('157', 'Giày Puma Retro Classic #38', '1640000', NULL, 'uploads/sneaker_38.svg', 'Giày Sneaker thể thao chính hãng cao cấp, thiết kế phom dáng ôm chân cực êm ái, bám đường tốt, phù hợp đi chơi và vận động thể thao.', '6', '0', '649'),
('158', 'Giày Mizuno Super Speed #39', '3950000', NULL, 'uploads/sneaker_39.svg', 'Giày Sneaker thể thao chính hãng cao cấp, thiết kế phom dáng ôm chân cực êm ái, bám đường tốt, phù hợp đi chơi và vận động thể thao.', '6', '0', '262'),
('159', 'Giày Asics City Walk #40', '2000000', '1700000', 'uploads/sneaker_40.svg', 'Giày Sneaker thể thao chính hãng cao cấp, thiết kế phom dáng ôm chân cực êm ái, bám đường tốt, phù hợp đi chơi và vận động thể thao.', '6', '0', '109'),
('160', 'Giày Nike Style Runner #41', '2280000', NULL, 'uploads/sneaker_41.svg', 'Giày Sneaker thể thao chính hãng cao cấp, thiết kế phom dáng ôm chân cực êm ái, bám đường tốt, phù hợp đi chơi và vận động thể thao.', '6', '0', '351'),
('161', 'Giày Adidas Flex Comfort #42', '3310000', NULL, 'uploads/sneaker_42.svg', 'Giày Sneaker thể thao chính hãng cao cấp, thiết kế phom dáng ôm chân cực êm ái, bám đường tốt, phù hợp đi chơi và vận động thể thao.', '6', '0', '345'),
('162', 'Giày Jordan Court Pro #43', '2890000', '2456500', 'uploads/sneaker_43.svg', 'Giày Sneaker thể thao chính hãng cao cấp, thiết kế phom dáng ôm chân cực êm ái, bám đường tốt, phù hợp đi chơi và vận động thể thao.', '6', '0', '538'),
('163', 'Giày Li-Ning Air Max Zoom #44', '2010000', NULL, 'uploads/sneaker_44.svg', 'Giày Sneaker thể thao chính hãng cao cấp, thiết kế phom dáng ôm chân cực êm ái, bám đường tốt, phù hợp đi chơi và vận động thể thao.', '6', '0', '792'),
('164', 'Giày New Balance Retro Classic #45', '3690000', NULL, 'uploads/sneaker_45.svg', 'Giày Sneaker thể thao chính hãng cao cấp, thiết kế phom dáng ôm chân cực êm ái, bám đường tốt, phù hợp đi chơi và vận động thể thao.', '6', '0', '206'),
('165', 'Giày Puma Super Speed #46', '2570000', '2184500', 'uploads/sneaker_46.svg', 'Giày Sneaker thể thao chính hãng cao cấp, thiết kế phom dáng ôm chân cực êm ái, bám đường tốt, phù hợp đi chơi và vận động thể thao.', '6', '0', '398'),
('166', 'Giày Mizuno City Walk #47', '4260000', NULL, 'uploads/sneaker_47.svg', 'Giày Sneaker thể thao chính hãng cao cấp, thiết kế phom dáng ôm chân cực êm ái, bám đường tốt, phù hợp đi chơi và vận động thể thao.', '6', '0', '334'),
('167', 'Giày Asics Style Runner #48', '4040000', NULL, 'uploads/sneaker_48.svg', 'Giày Sneaker thể thao chính hãng cao cấp, thiết kế phom dáng ôm chân cực êm ái, bám đường tốt, phù hợp đi chơi và vận động thể thao.', '6', '0', '205'),
('168', 'Giày Nike Flex Comfort #49', '2600000', '2210000', 'uploads/sneaker_49.svg', 'Giày Sneaker thể thao chính hãng cao cấp, thiết kế phom dáng ôm chân cực êm ái, bám đường tốt, phù hợp đi chơi và vận động thể thao.', '6', '0', '582'),
('169', 'Giày Adidas Court Pro #50', '2570000', NULL, 'uploads/sneaker_50.svg', 'Giày Sneaker thể thao chính hãng cao cấp, thiết kế phom dáng ôm chân cực êm ái, bám đường tốt, phù hợp đi chơi và vận động thể thao.', '6', '0', '579'),
('170', 'Giày Jordan Air Max Zoom #51', '3710000', NULL, 'uploads/sneaker_51.svg', 'Giày Sneaker thể thao chính hãng cao cấp, thiết kế phom dáng ôm chân cực êm ái, bám đường tốt, phù hợp đi chơi và vận động thể thao.', '6', '0', '213'),
('171', 'Giày Li-Ning Retro Classic #52', '4360000', '3706000', 'uploads/sneaker_52.svg', 'Giày Sneaker thể thao chính hãng cao cấp, thiết kế phom dáng ôm chân cực êm ái, bám đường tốt, phù hợp đi chơi và vận động thể thao.', '6', '0', '730'),
('172', 'Giày New Balance Super Speed #53', '1960000', NULL, 'uploads/sneaker_53.svg', 'Giày Sneaker thể thao chính hãng cao cấp, thiết kế phom dáng ôm chân cực êm ái, bám đường tốt, phù hợp đi chơi và vận động thể thao.', '6', '0', '662'),
('173', 'Giày Puma City Walk #54', '3710000', NULL, 'uploads/sneaker_54.svg', 'Giày Sneaker thể thao chính hãng cao cấp, thiết kế phom dáng ôm chân cực êm ái, bám đường tốt, phù hợp đi chơi và vận động thể thao.', '6', '0', '260'),
('174', 'Giày Mizuno Style Runner #55', '2010000', '1708500', 'uploads/sneaker_55.svg', 'Giày Sneaker thể thao chính hãng cao cấp, thiết kế phom dáng ôm chân cực êm ái, bám đường tốt, phù hợp đi chơi và vận động thể thao.', '6', '0', '296'),
('175', 'Giày Asics Flex Comfort #56', '2530000', NULL, 'uploads/sneaker_56.svg', 'Giày Sneaker thể thao chính hãng cao cấp, thiết kế phom dáng ôm chân cực êm ái, bám đường tốt, phù hợp đi chơi và vận động thể thao.', '6', '0', '704'),
('176', 'Giày Nike Court Pro #57', '2150000', NULL, 'uploads/sneaker_57.svg', 'Giày Sneaker thể thao chính hãng cao cấp, thiết kế phom dáng ôm chân cực êm ái, bám đường tốt, phù hợp đi chơi và vận động thể thao.', '6', '0', '784'),
('177', 'Giày Adidas Air Max Zoom #58', '3440000', '2924000', 'uploads/sneaker_58.svg', 'Giày Sneaker thể thao chính hãng cao cấp, thiết kế phom dáng ôm chân cực êm ái, bám đường tốt, phù hợp đi chơi và vận động thể thao.', '6', '0', '153'),
('178', 'Giày Jordan Retro Classic #59', '2420000', NULL, 'uploads/sneaker_59.svg', 'Giày Sneaker thể thao chính hãng cao cấp, thiết kế phom dáng ôm chân cực êm ái, bám đường tốt, phù hợp đi chơi và vận động thể thao.', '6', '0', '382'),
('179', 'Giày Li-Ning Super Speed #60', '2020000', NULL, 'uploads/sneaker_60.svg', 'Giày Sneaker thể thao chính hãng cao cấp, thiết kế phom dáng ôm chân cực êm ái, bám đường tốt, phù hợp đi chơi và vận động thể thao.', '6', '0', '253'),
('180', 'Giày New Balance City Walk #61', '2720000', '2312000', 'uploads/sneaker_61.svg', 'Giày Sneaker thể thao chính hãng cao cấp, thiết kế phom dáng ôm chân cực êm ái, bám đường tốt, phù hợp đi chơi và vận động thể thao.', '6', '0', '198'),
('181', 'Giày Puma Style Runner #62', '2160000', NULL, 'uploads/sneaker_62.svg', 'Giày Sneaker thể thao chính hãng cao cấp, thiết kế phom dáng ôm chân cực êm ái, bám đường tốt, phù hợp đi chơi và vận động thể thao.', '6', '0', '782'),
('182', 'Giày Mizuno Flex Comfort #63', '4200000', NULL, 'uploads/sneaker_63.svg', 'Giày Sneaker thể thao chính hãng cao cấp, thiết kế phom dáng ôm chân cực êm ái, bám đường tốt, phù hợp đi chơi và vận động thể thao.', '6', '0', '123'),
('183', 'Giày Asics Court Pro #64', '3980000', '3383000', 'uploads/sneaker_64.svg', 'Giày Sneaker thể thao chính hãng cao cấp, thiết kế phom dáng ôm chân cực êm ái, bám đường tốt, phù hợp đi chơi và vận động thể thao.', '6', '0', '342'),
('184', 'Giày Nike Air Max Zoom #65', '3960000', NULL, 'uploads/sneaker_65.svg', 'Giày Sneaker thể thao chính hãng cao cấp, thiết kế phom dáng ôm chân cực êm ái, bám đường tốt, phù hợp đi chơi và vận động thể thao.', '6', '0', '641'),
('185', 'Giày Adidas Retro Classic #66', '3640000', NULL, 'uploads/sneaker_66.svg', 'Giày Sneaker thể thao chính hãng cao cấp, thiết kế phom dáng ôm chân cực êm ái, bám đường tốt, phù hợp đi chơi và vận động thể thao.', '6', '0', '281'),
('186', 'Giày Jordan Super Speed #67', '3080000', '2618000', 'uploads/sneaker_67.svg', 'Giày Sneaker thể thao chính hãng cao cấp, thiết kế phom dáng ôm chân cực êm ái, bám đường tốt, phù hợp đi chơi và vận động thể thao.', '6', '0', '398'),
('187', 'Giày Li-Ning City Walk #68', '3270000', NULL, 'uploads/sneaker_68.svg', 'Giày Sneaker thể thao chính hãng cao cấp, thiết kế phom dáng ôm chân cực êm ái, bám đường tốt, phù hợp đi chơi và vận động thể thao.', '6', '0', '643'),
('188', 'Giày New Balance Style Runner #69', '4180000', NULL, 'uploads/sneaker_69.svg', 'Giày Sneaker thể thao chính hãng cao cấp, thiết kế phom dáng ôm chân cực êm ái, bám đường tốt, phù hợp đi chơi và vận động thể thao.', '6', '0', '422'),
('189', 'Giày Puma Flex Comfort #70', '3170000', '2694500', 'uploads/sneaker_70.svg', 'Giày Sneaker thể thao chính hãng cao cấp, thiết kế phom dáng ôm chân cực êm ái, bám đường tốt, phù hợp đi chơi và vận động thể thao.', '6', '0', '217'),
('190', 'Giày Mizuno Court Pro #71', '1720000', NULL, 'uploads/sneaker_71.svg', 'Giày Sneaker thể thao chính hãng cao cấp, thiết kế phom dáng ôm chân cực êm ái, bám đường tốt, phù hợp đi chơi và vận động thể thao.', '6', '0', '518'),
('191', 'Giày Asics Air Max Zoom #72', '3190000', NULL, 'uploads/sneaker_72.svg', 'Giày Sneaker thể thao chính hãng cao cấp, thiết kế phom dáng ôm chân cực êm ái, bám đường tốt, phù hợp đi chơi và vận động thể thao.', '6', '0', '587'),
('192', 'Giày Nike Retro Classic #73', '3660000', '3111000', 'uploads/sneaker_73.svg', 'Giày Sneaker thể thao chính hãng cao cấp, thiết kế phom dáng ôm chân cực êm ái, bám đường tốt, phù hợp đi chơi và vận động thể thao.', '6', '0', '435'),
('193', 'Giày Adidas Super Speed #74', '2940000', NULL, 'uploads/sneaker_74.svg', 'Giày Sneaker thể thao chính hãng cao cấp, thiết kế phom dáng ôm chân cực êm ái, bám đường tốt, phù hợp đi chơi và vận động thể thao.', '6', '0', '739'),
('194', 'Giày Jordan City Walk #75', '2700000', NULL, 'uploads/sneaker_75.svg', 'Giày Sneaker thể thao chính hãng cao cấp, thiết kế phom dáng ôm chân cực êm ái, bám đường tốt, phù hợp đi chơi và vận động thể thao.', '6', '0', '198'),
('195', 'Giày Li-Ning Style Runner #76', '4260000', '3621000', 'uploads/sneaker_76.svg', 'Giày Sneaker thể thao chính hãng cao cấp, thiết kế phom dáng ôm chân cực êm ái, bám đường tốt, phù hợp đi chơi và vận động thể thao.', '6', '0', '707'),
('196', 'Giày New Balance Flex Comfort #77', '4050000', NULL, 'uploads/sneaker_77.svg', 'Giày Sneaker thể thao chính hãng cao cấp, thiết kế phom dáng ôm chân cực êm ái, bám đường tốt, phù hợp đi chơi và vận động thể thao.', '6', '0', '551'),
('197', 'Giày Puma Court Pro #78', '4410000', NULL, 'uploads/sneaker_78.svg', 'Giày Sneaker thể thao chính hãng cao cấp, thiết kế phom dáng ôm chân cực êm ái, bám đường tốt, phù hợp đi chơi và vận động thể thao.', '6', '0', '646'),
('198', 'Giày Mizuno Air Max Zoom #79', '3390000', '2881500', 'uploads/sneaker_79.svg', 'Giày Sneaker thể thao chính hãng cao cấp, thiết kế phom dáng ôm chân cực êm ái, bám đường tốt, phù hợp đi chơi và vận động thể thao.', '6', '0', '124'),
('199', 'Giày Asics Retro Classic #80', '3670000', NULL, 'uploads/sneaker_80.svg', 'Giày Sneaker thể thao chính hãng cao cấp, thiết kế phom dáng ôm chân cực êm ái, bám đường tốt, phù hợp đi chơi và vận động thể thao.', '6', '0', '469'),
('200', 'Giày Nike Super Speed #81', '2520000', NULL, 'uploads/sneaker_81.svg', 'Giày Sneaker thể thao chính hãng cao cấp, thiết kế phom dáng ôm chân cực êm ái, bám đường tốt, phù hợp đi chơi và vận động thể thao.', '6', '0', '555'),
('201', 'Giày Adidas City Walk #82', '3390000', '2881500', 'uploads/sneaker_82.svg', 'Giày Sneaker thể thao chính hãng cao cấp, thiết kế phom dáng ôm chân cực êm ái, bám đường tốt, phù hợp đi chơi và vận động thể thao.', '6', '0', '442'),
('202', 'Giày Jordan Style Runner #83', '1930000', NULL, 'uploads/sneaker_83.svg', 'Giày Sneaker thể thao chính hãng cao cấp, thiết kế phom dáng ôm chân cực êm ái, bám đường tốt, phù hợp đi chơi và vận động thể thao.', '6', '0', '748'),
('203', 'Giày Li-Ning Flex Comfort #84', '4410000', NULL, 'uploads/sneaker_84.svg', 'Giày Sneaker thể thao chính hãng cao cấp, thiết kế phom dáng ôm chân cực êm ái, bám đường tốt, phù hợp đi chơi và vận động thể thao.', '6', '0', '198'),
('204', 'Giày New Balance Court Pro #85', '3020000', '2567000', 'uploads/sneaker_85.svg', 'Giày Sneaker thể thao chính hãng cao cấp, thiết kế phom dáng ôm chân cực êm ái, bám đường tốt, phù hợp đi chơi và vận động thể thao.', '6', '0', '369'),
('205', 'Giày Puma Air Max Zoom #86', '1900000', NULL, 'uploads/sneaker_86.svg', 'Giày Sneaker thể thao chính hãng cao cấp, thiết kế phom dáng ôm chân cực êm ái, bám đường tốt, phù hợp đi chơi và vận động thể thao.', '6', '0', '471'),
('206', 'Giày Mizuno Retro Classic #87', '3010000', NULL, 'uploads/sneaker_87.svg', 'Giày Sneaker thể thao chính hãng cao cấp, thiết kế phom dáng ôm chân cực êm ái, bám đường tốt, phù hợp đi chơi và vận động thể thao.', '6', '0', '549'),
('207', 'Giày Asics Super Speed #88', '3860000', '3281000', 'uploads/sneaker_88.svg', 'Giày Sneaker thể thao chính hãng cao cấp, thiết kế phom dáng ôm chân cực êm ái, bám đường tốt, phù hợp đi chơi và vận động thể thao.', '6', '0', '161'),
('208', 'Giày Nike City Walk #89', '4170000', NULL, 'uploads/sneaker_89.svg', 'Giày Sneaker thể thao chính hãng cao cấp, thiết kế phom dáng ôm chân cực êm ái, bám đường tốt, phù hợp đi chơi và vận động thể thao.', '6', '0', '554'),
('209', 'Giày Adidas Style Runner #90', '2920000', NULL, 'uploads/sneaker_90.svg', 'Giày Sneaker thể thao chính hãng cao cấp, thiết kế phom dáng ôm chân cực êm ái, bám đường tốt, phù hợp đi chơi và vận động thể thao.', '6', '0', '245'),
('210', 'Giày Jordan Flex Comfort #91', '3980000', '3383000', 'uploads/sneaker_91.svg', 'Giày Sneaker thể thao chính hãng cao cấp, thiết kế phom dáng ôm chân cực êm ái, bám đường tốt, phù hợp đi chơi và vận động thể thao.', '6', '0', '452'),
('211', 'Giày Li-Ning Court Pro #92', '2590000', NULL, 'uploads/sneaker_92.svg', 'Giày Sneaker thể thao chính hãng cao cấp, thiết kế phom dáng ôm chân cực êm ái, bám đường tốt, phù hợp đi chơi và vận động thể thao.', '6', '0', '152'),
('212', 'Giày New Balance Air Max Zoom #93', '3360000', NULL, 'uploads/sneaker_93.svg', 'Giày Sneaker thể thao chính hãng cao cấp, thiết kế phom dáng ôm chân cực êm ái, bám đường tốt, phù hợp đi chơi và vận động thể thao.', '6', '0', '108'),
('213', 'Giày Puma Retro Classic #94', '1500000', '1275000', 'uploads/sneaker_94.svg', 'Giày Sneaker thể thao chính hãng cao cấp, thiết kế phom dáng ôm chân cực êm ái, bám đường tốt, phù hợp đi chơi và vận động thể thao.', '6', '0', '765'),
('214', 'Giày Mizuno Super Speed #95', '3060000', NULL, 'uploads/sneaker_95.svg', 'Giày Sneaker thể thao chính hãng cao cấp, thiết kế phom dáng ôm chân cực êm ái, bám đường tốt, phù hợp đi chơi và vận động thể thao.', '6', '0', '509'),
('215', 'Giày Asics City Walk #96', '2580000', NULL, 'uploads/sneaker_96.svg', 'Giày Sneaker thể thao chính hãng cao cấp, thiết kế phom dáng ôm chân cực êm ái, bám đường tốt, phù hợp đi chơi và vận động thể thao.', '6', '0', '472'),
('216', 'Giày Nike Style Runner #97', '1620000', '1377000', 'uploads/sneaker_97.svg', 'Giày Sneaker thể thao chính hãng cao cấp, thiết kế phom dáng ôm chân cực êm ái, bám đường tốt, phù hợp đi chơi và vận động thể thao.', '6', '0', '791'),
('217', 'Giày Adidas Flex Comfort #98', '4060000', NULL, 'uploads/sneaker_98.svg', 'Giày Sneaker thể thao chính hãng cao cấp, thiết kế phom dáng ôm chân cực êm ái, bám đường tốt, phù hợp đi chơi và vận động thể thao.', '6', '0', '675'),
('218', 'Giày Jordan Court Pro #99', '1710000', NULL, 'uploads/sneaker_99.svg', 'Giày Sneaker thể thao chính hãng cao cấp, thiết kế phom dáng ôm chân cực êm ái, bám đường tốt, phù hợp đi chơi và vận động thể thao.', '6', '0', '227'),
('219', 'Giày Li-Ning Air Max Zoom #100', '1740000', '1479000', 'uploads/sneaker_100.svg', 'Giày Sneaker thể thao chính hãng cao cấp, thiết kế phom dáng ôm chân cực êm ái, bám đường tốt, phù hợp đi chơi và vận động thể thao.', '6', '0', '695'),
('220', 'Giày New Balance Retro Classic #101', '3930000', NULL, 'uploads/sneaker_101.svg', 'Giày Sneaker thể thao chính hãng cao cấp, thiết kế phom dáng ôm chân cực êm ái, bám đường tốt, phù hợp đi chơi và vận động thể thao.', '6', '0', '416'),
('221', 'Giày Puma Super Speed #102', '2890000', NULL, 'uploads/sneaker_102.svg', 'Giày Sneaker thể thao chính hãng cao cấp, thiết kế phom dáng ôm chân cực êm ái, bám đường tốt, phù hợp đi chơi và vận động thể thao.', '6', '0', '498'),
('222', 'Giày Mizuno City Walk #103', '2980000', '2533000', 'uploads/sneaker_103.svg', 'Giày Sneaker thể thao chính hãng cao cấp, thiết kế phom dáng ôm chân cực êm ái, bám đường tốt, phù hợp đi chơi và vận động thể thao.', '6', '0', '137'),
('223', 'Giày Asics Style Runner #104', '1520000', NULL, 'uploads/sneaker_104.svg', 'Giày Sneaker thể thao chính hãng cao cấp, thiết kế phom dáng ôm chân cực êm ái, bám đường tốt, phù hợp đi chơi và vận động thể thao.', '6', '0', '209'),
('224', 'Giày Nike Flex Comfort #105', '3480000', NULL, 'uploads/sneaker_105.svg', 'Giày Sneaker thể thao chính hãng cao cấp, thiết kế phom dáng ôm chân cực êm ái, bám đường tốt, phù hợp đi chơi và vận động thể thao.', '6', '0', '522'),
('225', 'Giày Adidas Court Pro #106', '2810000', '2388500', 'uploads/sneaker_106.svg', 'Giày Sneaker thể thao chính hãng cao cấp, thiết kế phom dáng ôm chân cực êm ái, bám đường tốt, phù hợp đi chơi và vận động thể thao.', '6', '0', '112'),
('226', 'Giày Jordan Air Max Zoom #107', '3790000', NULL, 'uploads/sneaker_107.svg', 'Giày Sneaker thể thao chính hãng cao cấp, thiết kế phom dáng ôm chân cực êm ái, bám đường tốt, phù hợp đi chơi và vận động thể thao.', '6', '0', '607'),
('227', 'Giày Li-Ning Retro Classic #108', '3110000', NULL, 'uploads/sneaker_108.svg', 'Giày Sneaker thể thao chính hãng cao cấp, thiết kế phom dáng ôm chân cực êm ái, bám đường tốt, phù hợp đi chơi và vận động thể thao.', '6', '0', '575'),
('228', 'Giày New Balance Super Speed #109', '2350000', '1997500', 'uploads/sneaker_109.svg', 'Giày Sneaker thể thao chính hãng cao cấp, thiết kế phom dáng ôm chân cực êm ái, bám đường tốt, phù hợp đi chơi và vận động thể thao.', '6', '0', '196'),
('229', 'Giày Puma City Walk #110', '1990000', NULL, 'uploads/sneaker_110.svg', 'Giày Sneaker thể thao chính hãng cao cấp, thiết kế phom dáng ôm chân cực êm ái, bám đường tốt, phù hợp đi chơi và vận động thể thao.', '6', '0', '526'),
('230', 'Giày Mizuno Style Runner #111', '2710000', NULL, 'uploads/sneaker_111.svg', 'Giày Sneaker thể thao chính hãng cao cấp, thiết kế phom dáng ôm chân cực êm ái, bám đường tốt, phù hợp đi chơi và vận động thể thao.', '6', '0', '561'),
('231', 'Giày Asics Flex Comfort #112', '4390000', '3731500', 'uploads/sneaker_112.svg', 'Giày Sneaker thể thao chính hãng cao cấp, thiết kế phom dáng ôm chân cực êm ái, bám đường tốt, phù hợp đi chơi và vận động thể thao.', '6', '0', '546'),
('232', 'Giày Nike Court Pro #113', '3760000', NULL, 'uploads/sneaker_113.svg', 'Giày Sneaker thể thao chính hãng cao cấp, thiết kế phom dáng ôm chân cực êm ái, bám đường tốt, phù hợp đi chơi và vận động thể thao.', '6', '0', '488'),
('233', 'Giày Adidas Air Max Zoom #114', '4000000', NULL, 'uploads/sneaker_114.svg', 'Giày Sneaker thể thao chính hãng cao cấp, thiết kế phom dáng ôm chân cực êm ái, bám đường tốt, phù hợp đi chơi và vận động thể thao.', '6', '0', '673'),
('234', 'Giày Jordan Retro Classic #115', '2790000', '2371500', 'uploads/sneaker_115.svg', 'Giày Sneaker thể thao chính hãng cao cấp, thiết kế phom dáng ôm chân cực êm ái, bám đường tốt, phù hợp đi chơi và vận động thể thao.', '6', '0', '252'),
('235', 'Giày Li-Ning Super Speed #116', '1620000', NULL, 'uploads/sneaker_116.svg', 'Giày Sneaker thể thao chính hãng cao cấp, thiết kế phom dáng ôm chân cực êm ái, bám đường tốt, phù hợp đi chơi và vận động thể thao.', '6', '0', '562'),
('236', 'Giày New Balance City Walk #117', '3030000', NULL, 'uploads/sneaker_117.svg', 'Giày Sneaker thể thao chính hãng cao cấp, thiết kế phom dáng ôm chân cực êm ái, bám đường tốt, phù hợp đi chơi và vận động thể thao.', '6', '0', '472'),
('237', 'Giày Puma Style Runner #118', '2760000', '2346000', 'uploads/sneaker_118.svg', 'Giày Sneaker thể thao chính hãng cao cấp, thiết kế phom dáng ôm chân cực êm ái, bám đường tốt, phù hợp đi chơi và vận động thể thao.', '6', '0', '793'),
('238', 'Giày Mizuno Flex Comfort #119', '3160000', NULL, 'uploads/sneaker_119.svg', 'Giày Sneaker thể thao chính hãng cao cấp, thiết kế phom dáng ôm chân cực êm ái, bám đường tốt, phù hợp đi chơi và vận động thể thao.', '6', '0', '145'),
('239', 'Giày Asics Court Pro #120', '2730000', NULL, 'uploads/sneaker_120.svg', 'Giày Sneaker thể thao chính hãng cao cấp, thiết kế phom dáng ôm chân cực êm ái, bám đường tốt, phù hợp đi chơi và vận động thể thao.', '6', '0', '697'),
('240', 'Giày Nike Air Max Zoom #121', '3430000', '2915500', 'uploads/sneaker_121.svg', 'Giày Sneaker thể thao chính hãng cao cấp, thiết kế phom dáng ôm chân cực êm ái, bám đường tốt, phù hợp đi chơi và vận động thể thao.', '6', '0', '716'),
('241', 'Giày Adidas Retro Classic #122', '1580000', NULL, 'uploads/sneaker_122.svg', 'Giày Sneaker thể thao chính hãng cao cấp, thiết kế phom dáng ôm chân cực êm ái, bám đường tốt, phù hợp đi chơi và vận động thể thao.', '6', '0', '474'),
('242', 'Giày Jordan Super Speed #123', '2280000', NULL, 'uploads/sneaker_123.svg', 'Giày Sneaker thể thao chính hãng cao cấp, thiết kế phom dáng ôm chân cực êm ái, bám đường tốt, phù hợp đi chơi và vận động thể thao.', '6', '0', '737'),
('243', 'Giày Li-Ning City Walk #124', '1700000', '1445000', 'uploads/sneaker_124.svg', 'Giày Sneaker thể thao chính hãng cao cấp, thiết kế phom dáng ôm chân cực êm ái, bám đường tốt, phù hợp đi chơi và vận động thể thao.', '6', '0', '116'),
('244', 'Giày New Balance Style Runner #125', '1720000', NULL, 'uploads/sneaker_125.svg', 'Giày Sneaker thể thao chính hãng cao cấp, thiết kế phom dáng ôm chân cực êm ái, bám đường tốt, phù hợp đi chơi và vận động thể thao.', '6', '0', '171'),
('245', 'Giày Puma Flex Comfort #126', '2110000', NULL, 'uploads/sneaker_126.svg', 'Giày Sneaker thể thao chính hãng cao cấp, thiết kế phom dáng ôm chân cực êm ái, bám đường tốt, phù hợp đi chơi và vận động thể thao.', '6', '0', '729'),
('246', 'Giày Mizuno Court Pro #127', '2340000', '1989000', 'uploads/sneaker_127.svg', 'Giày Sneaker thể thao chính hãng cao cấp, thiết kế phom dáng ôm chân cực êm ái, bám đường tốt, phù hợp đi chơi và vận động thể thao.', '6', '0', '564'),
('247', 'Giày Asics Air Max Zoom #128', '2040000', NULL, 'uploads/sneaker_128.svg', 'Giày Sneaker thể thao chính hãng cao cấp, thiết kế phom dáng ôm chân cực êm ái, bám đường tốt, phù hợp đi chơi và vận động thể thao.', '6', '0', '123'),
('248', 'Giày Nike Retro Classic #129', '2580000', NULL, 'uploads/sneaker_129.svg', 'Giày Sneaker thể thao chính hãng cao cấp, thiết kế phom dáng ôm chân cực êm ái, bám đường tốt, phù hợp đi chơi và vận động thể thao.', '6', '0', '287'),
('249', 'Giày Adidas Super Speed #130', '2860000', '2431000', 'uploads/sneaker_130.svg', 'Giày Sneaker thể thao chính hãng cao cấp, thiết kế phom dáng ôm chân cực êm ái, bám đường tốt, phù hợp đi chơi và vận động thể thao.', '6', '0', '643'),
('250', 'Giày Jordan City Walk #131', '1580000', NULL, 'uploads/sneaker_131.svg', 'Giày Sneaker thể thao chính hãng cao cấp, thiết kế phom dáng ôm chân cực êm ái, bám đường tốt, phù hợp đi chơi và vận động thể thao.', '6', '0', '622'),
('251', 'Giày Li-Ning Style Runner #132', '2860000', NULL, 'uploads/sneaker_132.svg', 'Giày Sneaker thể thao chính hãng cao cấp, thiết kế phom dáng ôm chân cực êm ái, bám đường tốt, phù hợp đi chơi và vận động thể thao.', '6', '0', '544'),
('252', 'Giày New Balance Flex Comfort #133', '2950000', '2507500', 'uploads/sneaker_133.svg', 'Giày Sneaker thể thao chính hãng cao cấp, thiết kế phom dáng ôm chân cực êm ái, bám đường tốt, phù hợp đi chơi và vận động thể thao.', '6', '0', '225'),
('253', 'Giày Puma Court Pro #134', '3930000', NULL, 'uploads/sneaker_134.svg', 'Giày Sneaker thể thao chính hãng cao cấp, thiết kế phom dáng ôm chân cực êm ái, bám đường tốt, phù hợp đi chơi và vận động thể thao.', '6', '0', '607'),
('254', 'Giày Mizuno Air Max Zoom #135', '4330000', NULL, 'uploads/sneaker_135.svg', 'Giày Sneaker thể thao chính hãng cao cấp, thiết kế phom dáng ôm chân cực êm ái, bám đường tốt, phù hợp đi chơi và vận động thể thao.', '6', '0', '380'),
('255', 'Giày Asics Retro Classic #136', '3470000', '2949500', 'uploads/sneaker_136.svg', 'Giày Sneaker thể thao chính hãng cao cấp, thiết kế phom dáng ôm chân cực êm ái, bám đường tốt, phù hợp đi chơi và vận động thể thao.', '6', '0', '130'),
('256', 'Giày Nike Super Speed #137', '3900000', NULL, 'uploads/sneaker_137.svg', 'Giày Sneaker thể thao chính hãng cao cấp, thiết kế phom dáng ôm chân cực êm ái, bám đường tốt, phù hợp đi chơi và vận động thể thao.', '6', '0', '668'),
('257', 'Giày Adidas City Walk #138', '1750000', NULL, 'uploads/sneaker_138.svg', 'Giày Sneaker thể thao chính hãng cao cấp, thiết kế phom dáng ôm chân cực êm ái, bám đường tốt, phù hợp đi chơi và vận động thể thao.', '6', '0', '121'),
('258', 'Giày Jordan Style Runner #139', '3720000', '3162000', 'uploads/sneaker_139.svg', 'Giày Sneaker thể thao chính hãng cao cấp, thiết kế phom dáng ôm chân cực êm ái, bám đường tốt, phù hợp đi chơi và vận động thể thao.', '6', '0', '660'),
('259', 'Giày Li-Ning Flex Comfort #140', '4050000', NULL, 'uploads/sneaker_140.svg', 'Giày Sneaker thể thao chính hãng cao cấp, thiết kế phom dáng ôm chân cực êm ái, bám đường tốt, phù hợp đi chơi và vận động thể thao.', '6', '0', '692');

CREATE TABLE `binhluan` (
  `id` int(11) NOT NULL AUTO_INCREMENT,
  `noi_dung` text NOT NULL,
  `id_user` int(11) NOT NULL,
  `id_pro` int(11) NOT NULL,
  `ngay_binh_luan` varchar(20) NOT NULL,
  PRIMARY KEY (`id`),
  KEY `id_user` (`id_user`),
  KEY `id_pro` (`id_pro`),
  CONSTRAINT `binhluan_ibfk_1` FOREIGN KEY (`id_user`) REFERENCES `taikhoan` (`id`) ON DELETE CASCADE,
  CONSTRAINT `binhluan_ibfk_2` FOREIGN KEY (`id_pro`) REFERENCES `sanpham` (`id`) ON DELETE CASCADE
) ENGINE=InnoDB AUTO_INCREMENT=4 DEFAULT CHARSET=utf8mb4 COLLATE=utf8mb4_general_ci;

CREATE TABLE `donhang` (
  `id` int(11) NOT NULL AUTO_INCREMENT,
  `id_user` int(11) DEFAULT NULL,
  `nguoi_nhan` varchar(255) NOT NULL,
  `email` varchar(100) NOT NULL,
  `dien_thoai` varchar(20) NOT NULL,
  `dia_chi` text NOT NULL,
  `ngay_dat` varchar(20) NOT NULL,
  `tong_tien` double NOT NULL,
  `pttt` int(11) DEFAULT 0,
  `trang_thai` int(11) DEFAULT 0,
  `ma_giam_gia` varchar(50) DEFAULT NULL,
  `tien_giam` double DEFAULT 0,
  PRIMARY KEY (`id`),
  KEY `id_user` (`id_user`),
  CONSTRAINT `donhang_ibfk_1` FOREIGN KEY (`id_user`) REFERENCES `taikhoan` (`id`) ON DELETE SET NULL
) ENGINE=InnoDB AUTO_INCREMENT=291 DEFAULT CHARSET=utf8mb4 COLLATE=utf8mb4_general_ci;

INSERT INTO `donhang` (`id`, `id_user`, `nguoi_nhan`, `email`, `dien_thoai`, `dia_chi`, `ngay_dat`, `tong_tien`, `pttt`, `trang_thai`, `ma_giam_gia`, `tien_giam`) VALUES
('1', NULL, 'Khách hàng #1', 'customer1@gmail.com', '0919245320', 'Hà Nội, Việt Nam', '22-06-2026 21:54:03', '2710000', '1', '2', NULL, '0'),
('2', NULL, 'Khách hàng #2', 'customer2@gmail.com', '0922172623', 'Hà Nội, Việt Nam', '23-01-2026 15:40:57', '4400000', '1', '2', NULL, '0'),
('3', NULL, 'Khách hàng #3', 'customer3@gmail.com', '0949729680', 'Hà Nội, Việt Nam', '21-06-2026 13:49:58', '3960000', '0', '2', NULL, '0'),
('4', NULL, 'Khách hàng #4', 'customer4@gmail.com', '0958409525', 'Hà Nội, Việt Nam', '13-02-2026 10:55:46', '1680000', '0', '2', NULL, '0'),
('5', NULL, 'Khách hàng #5', 'customer5@gmail.com', '0978812301', 'Hà Nội, Việt Nam', '26-01-2026 08:05:52', '3720000', '0', '2', NULL, '0'),
('6', NULL, 'Khách hàng #6', 'customer6@gmail.com', '0942787287', 'Hà Nội, Việt Nam', '07-02-2026 13:20:45', '5350000', '0', '2', NULL, '0'),
('7', NULL, 'Khách hàng #7', 'customer7@gmail.com', '0949799952', 'Hà Nội, Việt Nam', '04-04-2026 19:50:43', '1280000', '1', '2', NULL, '0'),
('8', NULL, 'Khách hàng #8', 'customer8@gmail.com', '0980327664', 'Hà Nội, Việt Nam', '28-02-2026 13:52:43', '5340000', '0', '2', NULL, '0'),
('9', NULL, 'Khách hàng #9', 'customer9@gmail.com', '0931636829', 'Hà Nội, Việt Nam', '03-02-2026 17:50:46', '2780000', '1', '2', NULL, '0'),
('10', NULL, 'Khách hàng #10', 'customer10@gmail.com', '0956319273', 'Hà Nội, Việt Nam', '08-01-2026 15:02:20', '1000000', '1', '2', NULL, '0'),
('11', NULL, 'Khách hàng #11', 'customer11@gmail.com', '0929274883', 'Hà Nội, Việt Nam', '03-03-2026 19:50:58', '2570000', '0', '2', NULL, '0'),
('12', NULL, 'Khách hàng #12', 'customer12@gmail.com', '0945088522', 'Hà Nội, Việt Nam', '02-03-2026 10:23:48', '4840000', '1', '2', NULL, '0'),
('13', NULL, 'Khách hàng #13', 'customer13@gmail.com', '0910540726', 'Hà Nội, Việt Nam', '25-02-2026 16:12:24', '1190000', '1', '2', NULL, '0'),
('14', NULL, 'Khách hàng #14', 'customer14@gmail.com', '0951680829', 'Hà Nội, Việt Nam', '11-06-2026 17:03:28', '2670000', '0', '2', NULL, '0'),
('15', NULL, 'Khách hàng #15', 'customer15@gmail.com', '0923697913', 'Hà Nội, Việt Nam', '18-04-2026 11:22:31', '2190000', '1', '2', NULL, '0'),
('16', NULL, 'Khách hàng #16', 'customer16@gmail.com', '0989068249', 'Hà Nội, Việt Nam', '07-04-2026 22:05:59', '4510000', '1', '2', NULL, '0'),
('17', NULL, 'Khách hàng #17', 'customer17@gmail.com', '0940154346', 'Hà Nội, Việt Nam', '10-01-2026 19:46:03', '2120000', '0', '2', NULL, '0'),
('18', NULL, 'Khách hàng #18', 'customer18@gmail.com', '0974999139', 'Hà Nội, Việt Nam', '25-02-2026 09:21:04', '1900000', '1', '2', NULL, '0'),
('19', NULL, 'Khách hàng #19', 'customer19@gmail.com', '0928694309', 'Hà Nội, Việt Nam', '12-04-2026 16:14:31', '3800000', '0', '2', NULL, '0'),
('20', NULL, 'Khách hàng #20', 'customer20@gmail.com', '0933749017', 'Hà Nội, Việt Nam', '05-03-2026 17:29:40', '1290000', '0', '2', NULL, '0'),
('21', NULL, 'Khách hàng #21', 'customer21@gmail.com', '0946590158', 'Hà Nội, Việt Nam', '20-05-2026 22:44:01', '2740000', '1', '2', NULL, '0'),
('22', NULL, 'Khách hàng #22', 'customer22@gmail.com', '0922180547', 'Hà Nội, Việt Nam', '02-02-2026 21:51:49', '1530000', '0', '2', NULL, '0'),
('23', NULL, 'Khách hàng #23', 'customer23@gmail.com', '0932565818', 'Hà Nội, Việt Nam', '12-05-2026 22:31:35', '5040000', '1', '2', NULL, '0'),
('24', NULL, 'Khách hàng #24', 'customer24@gmail.com', '0972183228', 'Hà Nội, Việt Nam', '11-06-2026 16:18:00', '2980000', '1', '2', NULL, '0'),
('25', NULL, 'Khách hàng #25', 'customer25@gmail.com', '0992937015', 'Hà Nội, Việt Nam', '11-05-2026 12:52:30', '4300000', '0', '2', NULL, '0'),
('26', NULL, 'Khách hàng #26', 'customer26@gmail.com', '0953506928', 'Hà Nội, Việt Nam', '15-02-2026 11:21:09', '3580000', '1', '2', NULL, '0'),
('27', NULL, 'Khách hàng #27', 'customer27@gmail.com', '0967508824', 'Hà Nội, Việt Nam', '24-06-2026 11:16:05', '2680000', '1', '2', NULL, '0'),
('28', NULL, 'Khách hàng #28', 'customer28@gmail.com', '0999125635', 'Hà Nội, Việt Nam', '02-06-2026 11:52:14', '2120000', '0', '2', NULL, '0'),
('29', NULL, 'Khách hàng #29', 'customer29@gmail.com', '0950025712', 'Hà Nội, Việt Nam', '13-01-2026 15:45:05', '5630000', '0', '2', NULL, '0'),
('30', NULL, 'Khách hàng #30', 'customer30@gmail.com', '0985358918', 'Hà Nội, Việt Nam', '17-05-2026 19:53:14', '4700000', '0', '2', NULL, '0'),
('31', NULL, 'Khách hàng #31', 'customer31@gmail.com', '0968613306', 'Hà Nội, Việt Nam', '04-06-2026 11:11:19', '3630000', '0', '2', NULL, '0'),
('32', NULL, 'Khách hàng #32', 'customer32@gmail.com', '0991186005', 'Hà Nội, Việt Nam', '25-02-2026 17:26:00', '4090000', '1', '2', NULL, '0'),
('33', NULL, 'Khách hàng #33', 'customer33@gmail.com', '0930774323', 'Hà Nội, Việt Nam', '15-05-2026 10:55:31', '4800000', '1', '2', NULL, '0'),
('34', NULL, 'Khách hàng #34', 'customer34@gmail.com', '0951721577', 'Hà Nội, Việt Nam', '18-02-2026 08:28:28', '5520000', '1', '2', NULL, '0'),
('35', NULL, 'Khách hàng #35', 'customer35@gmail.com', '0954219254', 'Hà Nội, Việt Nam', '19-05-2026 20:48:53', '1790000', '1', '2', NULL, '0'),
('36', NULL, 'Khách hàng #36', 'customer36@gmail.com', '0975891339', 'Hà Nội, Việt Nam', '14-05-2026 12:34:35', '2600000', '0', '2', NULL, '0'),
('37', NULL, 'Khách hàng #37', 'customer37@gmail.com', '0961887667', 'Hà Nội, Việt Nam', '14-01-2026 18:36:38', '5270000', '1', '2', NULL, '0'),
('38', NULL, 'Khách hàng #38', 'customer38@gmail.com', '0971115107', 'Hà Nội, Việt Nam', '06-06-2026 11:27:09', '2140000', '1', '2', NULL, '0'),
('39', NULL, 'Khách hàng #39', 'customer39@gmail.com', '0964942390', 'Hà Nội, Việt Nam', '21-03-2026 15:52:05', '4260000', '1', '2', NULL, '0'),
('40', NULL, 'Khách hàng #40', 'customer40@gmail.com', '0953839299', 'Hà Nội, Việt Nam', '05-05-2026 17:55:30', '2270000', '0', '2', NULL, '0'),
('41', NULL, 'Khách hàng #41', 'customer41@gmail.com', '0985792752', 'Hà Nội, Việt Nam', '23-01-2026 16:27:06', '4160000', '0', '2', NULL, '0'),
('42', NULL, 'Khách hàng #42', 'customer42@gmail.com', '0945347290', 'Hà Nội, Việt Nam', '11-05-2026 22:11:00', '1690000', '1', '2', NULL, '0'),
('43', NULL, 'Khách hàng #43', 'customer43@gmail.com', '0958021437', 'Hà Nội, Việt Nam', '19-03-2026 18:00:11', '2490000', '0', '2', NULL, '0'),
('44', NULL, 'Khách hàng #44', 'customer44@gmail.com', '0931862101', 'Hà Nội, Việt Nam', '04-01-2026 10:17:19', '5930000', '0', '2', NULL, '0'),
('45', NULL, 'Khách hàng #45', 'customer45@gmail.com', '0934321149', 'Hà Nội, Việt Nam', '14-01-2026 20:03:30', '5950000', '0', '2', NULL, '0'),
('46', NULL, 'Khách hàng #46', 'customer46@gmail.com', '0966625737', 'Hà Nội, Việt Nam', '11-05-2026 16:01:59', '3240000', '1', '2', NULL, '0'),
('47', NULL, 'Khách hàng #47', 'customer47@gmail.com', '0957433851', 'Hà Nội, Việt Nam', '20-05-2026 18:45:15', '1510000', '1', '2', NULL, '0'),
('48', NULL, 'Khách hàng #48', 'customer48@gmail.com', '0916136506', 'Hà Nội, Việt Nam', '10-06-2026 14:13:18', '2320000', '0', '2', NULL, '0'),
('49', NULL, 'Khách hàng #49', 'customer49@gmail.com', '0926614925', 'Hà Nội, Việt Nam', '25-04-2026 17:36:52', '2200000', '0', '2', NULL, '0'),
('50', NULL, 'Khách hàng #50', 'customer50@gmail.com', '0978434473', 'Hà Nội, Việt Nam', '18-01-2026 10:28:18', '2880000', '0', '2', NULL, '0'),
('51', NULL, 'Khách hàng #51', 'customer51@gmail.com', '0983588241', 'Hà Nội, Việt Nam', '27-03-2026 16:02:40', '4690000', '0', '2', NULL, '0'),
('52', NULL, 'Khách hàng #52', 'customer52@gmail.com', '0924028678', 'Hà Nội, Việt Nam', '26-05-2026 20:07:35', '1240000', '1', '2', NULL, '0'),
('53', NULL, 'Khách hàng #53', 'customer53@gmail.com', '0998254795', 'Hà Nội, Việt Nam', '22-03-2026 10:32:00', '3900000', '1', '2', NULL, '0'),
('54', NULL, 'Khách hàng #54', 'customer54@gmail.com', '0981005965', 'Hà Nội, Việt Nam', '19-02-2026 19:33:22', '2240000', '1', '2', NULL, '0'),
('55', NULL, 'Khách hàng #55', 'customer55@gmail.com', '0965960859', 'Hà Nội, Việt Nam', '08-06-2026 13:16:18', '5500000', '0', '2', NULL, '0'),
('56', NULL, 'Khách hàng #56', 'customer56@gmail.com', '0920160274', 'Hà Nội, Việt Nam', '26-05-2026 17:08:59', '4020000', '0', '2', NULL, '0'),
('57', NULL, 'Khách hàng #57', 'customer57@gmail.com', '0945811508', 'Hà Nội, Việt Nam', '24-05-2026 17:49:05', '4580000', '0', '2', NULL, '0'),
('58', NULL, 'Khách hàng #58', 'customer58@gmail.com', '0932452557', 'Hà Nội, Việt Nam', '18-04-2026 21:50:41', '1570000', '0', '2', NULL, '0'),
('59', NULL, 'Khách hàng #59', 'customer59@gmail.com', '0995882086', 'Hà Nội, Việt Nam', '06-03-2026 19:28:14', '4270000', '0', '2', NULL, '0'),
('60', NULL, 'Khách hàng #60', 'customer60@gmail.com', '0990832394', 'Hà Nội, Việt Nam', '19-05-2026 15:58:43', '2130000', '1', '2', NULL, '0'),
('61', NULL, 'Khách hàng #61', 'customer61@gmail.com', '0920052264', 'Hà Nội, Việt Nam', '24-02-2026 16:08:52', '1830000', '1', '2', NULL, '0'),
('62', NULL, 'Khách hàng #62', 'customer62@gmail.com', '0934530780', 'Hà Nội, Việt Nam', '22-04-2026 17:58:38', '2000000', '1', '2', NULL, '0'),
('63', NULL, 'Khách hàng #63', 'customer63@gmail.com', '0993666033', 'Hà Nội, Việt Nam', '05-06-2026 17:41:50', '4610000', '1', '2', NULL, '0'),
('64', NULL, 'Khách hàng #64', 'customer64@gmail.com', '0920259857', 'Hà Nội, Việt Nam', '23-06-2026 18:27:17', '3650000', '0', '2', NULL, '0'),
('65', NULL, 'Khách hàng #65', 'customer65@gmail.com', '0968088194', 'Hà Nội, Việt Nam', '04-05-2026 15:44:06', '5490000', '1', '2', NULL, '0'),
('66', NULL, 'Khách hàng #66', 'customer66@gmail.com', '0998719311', 'Hà Nội, Việt Nam', '27-04-2026 20:50:59', '3770000', '1', '2', NULL, '0'),
('67', NULL, 'Khách hàng #67', 'customer67@gmail.com', '0968817469', 'Hà Nội, Việt Nam', '11-02-2026 11:48:24', '2210000', '1', '2', NULL, '0'),
('68', NULL, 'Khách hàng #68', 'customer68@gmail.com', '0950166432', 'Hà Nội, Việt Nam', '10-04-2026 13:34:13', '1960000', '1', '2', NULL, '0'),
('69', NULL, 'Khách hàng #69', 'customer69@gmail.com', '0917289803', 'Hà Nội, Việt Nam', '14-05-2026 15:46:18', '2700000', '1', '2', NULL, '0'),
('70', NULL, 'Khách hàng #70', 'customer70@gmail.com', '0918228965', 'Hà Nội, Việt Nam', '02-05-2026 12:26:21', '5900000', '1', '2', NULL, '0'),
('71', NULL, 'Khách hàng #71', 'customer71@gmail.com', '0918956401', 'Hà Nội, Việt Nam', '04-06-2026 18:48:57', '4190000', '1', '2', NULL, '0'),
('72', NULL, 'Khách hàng #72', 'customer72@gmail.com', '0940941998', 'Hà Nội, Việt Nam', '15-06-2026 13:37:22', '5890000', '0', '2', NULL, '0'),
('73', NULL, 'Khách hàng #73', 'customer73@gmail.com', '0912298098', 'Hà Nội, Việt Nam', '03-05-2026 13:47:35', '1560000', '1', '2', NULL, '0'),
('74', NULL, 'Khách hàng #74', 'customer74@gmail.com', '0978754754', 'Hà Nội, Việt Nam', '05-01-2026 08:06:39', '3900000', '1', '2', NULL, '0'),
('75', NULL, 'Khách hàng #75', 'customer75@gmail.com', '0961859761', 'Hà Nội, Việt Nam', '20-03-2026 13:42:58', '2130000', '0', '2', NULL, '0'),
('76', NULL, 'Khách hàng #76', 'customer76@gmail.com', '0967052872', 'Hà Nội, Việt Nam', '25-03-2026 19:55:09', '4320000', '1', '2', NULL, '0'),
('77', NULL, 'Khách hàng #77', 'customer77@gmail.com', '0951189731', 'Hà Nội, Việt Nam', '15-01-2026 18:52:47', '2330000', '1', '2', NULL, '0'),
('78', NULL, 'Khách hàng #78', 'customer78@gmail.com', '0988417357', 'Hà Nội, Việt Nam', '23-04-2026 18:56:05', '5340000', '1', '2', NULL, '0'),
('79', NULL, 'Khách hàng #79', 'customer79@gmail.com', '0968088661', 'Hà Nội, Việt Nam', '12-05-2026 20:41:19', '2730000', '0', '2', NULL, '0'),
('80', NULL, 'Khách hàng #80', 'customer80@gmail.com', '0985011671', 'Hà Nội, Việt Nam', '13-06-2026 09:14:20', '5560000', '1', '2', NULL, '0'),
('81', NULL, 'Khách hàng #81', 'customer81@gmail.com', '0996416548', 'Hà Nội, Việt Nam', '01-04-2026 16:04:41', '3860000', '0', '2', NULL, '0'),
('82', NULL, 'Khách hàng #82', 'customer82@gmail.com', '0979574805', 'Hà Nội, Việt Nam', '21-04-2026 09:49:55', '3960000', '1', '2', NULL, '0'),
('83', NULL, 'Khách hàng #83', 'customer83@gmail.com', '0930393063', 'Hà Nội, Việt Nam', '10-06-2026 17:57:31', '2100000', '0', '2', NULL, '0'),
('84', NULL, 'Khách hàng #84', 'customer84@gmail.com', '0910202224', 'Hà Nội, Việt Nam', '07-05-2026 20:31:38', '5960000', '0', '2', NULL, '0'),
('85', NULL, 'Khách hàng #85', 'customer85@gmail.com', '0939768404', 'Hà Nội, Việt Nam', '21-01-2026 11:44:36', '5830000', '0', '2', NULL, '0'),
('86', NULL, 'Khách hàng #86', 'customer86@gmail.com', '0986706398', 'Hà Nội, Việt Nam', '22-04-2026 12:13:54', '4000000', '1', '2', NULL, '0'),
('87', NULL, 'Khách hàng #87', 'customer87@gmail.com', '0929192670', 'Hà Nội, Việt Nam', '07-03-2026 21:26:46', '2760000', '0', '2', NULL, '0'),
('88', NULL, 'Khách hàng #88', 'customer88@gmail.com', '0922027877', 'Hà Nội, Việt Nam', '08-04-2026 14:20:00', '3660000', '0', '2', NULL, '0'),
('89', NULL, 'Khách hàng #89', 'customer89@gmail.com', '0980113771', 'Hà Nội, Việt Nam', '11-03-2026 15:40:09', '4990000', '1', '2', NULL, '0'),
('90', NULL, 'Khách hàng #90', 'customer90@gmail.com', '0985209314', 'Hà Nội, Việt Nam', '03-05-2026 14:28:45', '4020000', '0', '2', NULL, '0'),
('91', NULL, 'Khách hàng #91', 'customer91@gmail.com', '0986064672', 'Hà Nội, Việt Nam', '22-04-2026 21:09:29', '2070000', '0', '2', NULL, '0'),
('92', NULL, 'Khách hàng #92', 'customer92@gmail.com', '0964818831', 'Hà Nội, Việt Nam', '23-03-2026 08:34:43', '3690000', '0', '2', NULL, '0'),
('93', NULL, 'Khách hàng #93', 'customer93@gmail.com', '0942484868', 'Hà Nội, Việt Nam', '26-02-2026 12:17:14', '5970000', '0', '2', NULL, '0'),
('94', NULL, 'Khách hàng #94', 'customer94@gmail.com', '0940640770', 'Hà Nội, Việt Nam', '21-01-2026 09:01:38', '1120000', '0', '2', NULL, '0'),
('95', NULL, 'Khách hàng #95', 'customer95@gmail.com', '0994691895', 'Hà Nội, Việt Nam', '17-02-2026 09:01:57', '5460000', '0', '2', NULL, '0'),
('96', NULL, 'Khách hàng #96', 'customer96@gmail.com', '0960935187', 'Hà Nội, Việt Nam', '16-04-2026 08:09:30', '1000000', '1', '2', NULL, '0'),
('97', NULL, 'Khách hàng #97', 'customer97@gmail.com', '0935952253', 'Hà Nội, Việt Nam', '27-01-2026 11:27:03', '5860000', '0', '2', NULL, '0'),
('98', NULL, 'Khách hàng #98', 'customer98@gmail.com', '0998884066', 'Hà Nội, Việt Nam', '12-04-2026 15:27:43', '2610000', '1', '2', NULL, '0'),
('99', NULL, 'Khách hàng #99', 'customer99@gmail.com', '0973249937', 'Hà Nội, Việt Nam', '07-06-2026 22:57:06', '4640000', '0', '2', NULL, '0'),
('100', NULL, 'Khách hàng #100', 'customer100@gmail.com', '0980084077', 'Hà Nội, Việt Nam', '17-05-2026 21:04:58', '5320000', '0', '2', NULL, '0'),
('101', NULL, 'Khách hàng #101', 'customer101@gmail.com', '0919850149', 'Hà Nội, Việt Nam', '05-03-2026 09:15:46', '5140000', '0', '2', NULL, '0'),
('102', NULL, 'Khách hàng #102', 'customer102@gmail.com', '0918591841', 'Hà Nội, Việt Nam', '21-05-2026 18:37:22', '5370000', '0', '2', NULL, '0'),
('103', NULL, 'Khách hàng #103', 'customer103@gmail.com', '0932916939', 'Hà Nội, Việt Nam', '08-02-2026 22:24:05', '5040000', '1', '2', NULL, '0'),
('104', NULL, 'Khách hàng #104', 'customer104@gmail.com', '0930213665', 'Hà Nội, Việt Nam', '15-05-2026 12:43:22', '5430000', '1', '2', NULL, '0'),
('105', NULL, 'Khách hàng #105', 'customer105@gmail.com', '0918307015', 'Hà Nội, Việt Nam', '07-04-2026 14:15:17', '5720000', '0', '2', NULL, '0'),
('106', NULL, 'Khách hàng #106', 'customer106@gmail.com', '0932718610', 'Hà Nội, Việt Nam', '16-06-2026 15:14:22', '2750000', '0', '2', NULL, '0'),
('107', NULL, 'Khách hàng #107', 'customer107@gmail.com', '0993079655', 'Hà Nội, Việt Nam', '09-05-2026 14:02:48', '3020000', '0', '2', NULL, '0'),
('108', NULL, 'Khách hàng #108', 'customer108@gmail.com', '0945893884', 'Hà Nội, Việt Nam', '18-03-2026 17:41:53', '4740000', '0', '2', NULL, '0'),
('109', NULL, 'Khách hàng #109', 'customer109@gmail.com', '0922143290', 'Hà Nội, Việt Nam', '15-01-2026 16:17:32', '5360000', '1', '2', NULL, '0'),
('110', NULL, 'Khách hàng #110', 'customer110@gmail.com', '0958551549', 'Hà Nội, Việt Nam', '23-06-2026 21:34:40', '5850000', '0', '2', NULL, '0'),
('111', NULL, 'Khách hàng #111', 'customer111@gmail.com', '0997185864', 'Hà Nội, Việt Nam', '27-04-2026 09:05:35', '4900000', '1', '2', NULL, '0'),
('112', NULL, 'Khách hàng #112', 'customer112@gmail.com', '0971037131', 'Hà Nội, Việt Nam', '23-02-2026 10:20:00', '3650000', '0', '2', NULL, '0'),
('113', NULL, 'Khách hàng #113', 'customer113@gmail.com', '0963453845', 'Hà Nội, Việt Nam', '25-02-2026 09:30:46', '1220000', '0', '2', NULL, '0'),
('114', NULL, 'Khách hàng #114', 'customer114@gmail.com', '0980651801', 'Hà Nội, Việt Nam', '18-02-2026 19:00:14', '4210000', '1', '2', NULL, '0'),
('115', NULL, 'Khách hàng #115', 'customer115@gmail.com', '0945618702', 'Hà Nội, Việt Nam', '26-01-2026 21:40:56', '3670000', '1', '2', NULL, '0'),
('116', NULL, 'Khách hàng #116', 'customer116@gmail.com', '0913893160', 'Hà Nội, Việt Nam', '08-03-2026 09:39:04', '5870000', '0', '2', NULL, '0'),
('117', NULL, 'Khách hàng #117', 'customer117@gmail.com', '0991832763', 'Hà Nội, Việt Nam', '02-06-2026 12:52:04', '2860000', '1', '2', NULL, '0'),
('118', NULL, 'Khách hàng #118', 'customer118@gmail.com', '0918438348', 'Hà Nội, Việt Nam', '09-02-2026 19:23:01', '4690000', '0', '2', NULL, '0'),
('119', NULL, 'Khách hàng #119', 'customer119@gmail.com', '0974432151', 'Hà Nội, Việt Nam', '26-05-2026 13:54:46', '2460000', '1', '2', NULL, '0'),
('120', NULL, 'Khách hàng #120', 'customer120@gmail.com', '0917803440', 'Hà Nội, Việt Nam', '04-01-2026 09:05:13', '1560000', '0', '2', NULL, '0'),
('121', NULL, 'Khách hàng #121', 'customer121@gmail.com', '0933215646', 'Hà Nội, Việt Nam', '07-06-2026 14:24:20', '3000000', '1', '2', NULL, '0'),
('122', NULL, 'Khách hàng #122', 'customer122@gmail.com', '0914785061', 'Hà Nội, Việt Nam', '21-06-2026 22:52:29', '3970000', '1', '2', NULL, '0'),
('123', NULL, 'Khách hàng #123', 'customer123@gmail.com', '0988141776', 'Hà Nội, Việt Nam', '27-05-2026 13:42:23', '5500000', '0', '2', NULL, '0'),
('124', NULL, 'Khách hàng #124', 'customer124@gmail.com', '0951790026', 'Hà Nội, Việt Nam', '17-02-2026 18:13:56', '5610000', '0', '2', NULL, '0'),
('125', NULL, 'Khách hàng #125', 'customer125@gmail.com', '0986366870', 'Hà Nội, Việt Nam', '19-06-2026 12:36:31', '2450000', '1', '2', NULL, '0'),
('126', NULL, 'Khách hàng #126', 'customer126@gmail.com', '0955365786', 'Hà Nội, Việt Nam', '26-04-2026 09:54:35', '5160000', '0', '2', NULL, '0'),
('127', NULL, 'Khách hàng #127', 'customer127@gmail.com', '0920317342', 'Hà Nội, Việt Nam', '21-04-2026 20:00:47', '3330000', '1', '2', NULL, '0'),
('128', NULL, 'Khách hàng #128', 'customer128@gmail.com', '0967702786', 'Hà Nội, Việt Nam', '24-02-2026 13:11:02', '5390000', '1', '2', NULL, '0'),
('129', NULL, 'Khách hàng #129', 'customer129@gmail.com', '0936417951', 'Hà Nội, Việt Nam', '14-02-2026 11:15:20', '4240000', '1', '2', NULL, '0'),
('130', NULL, 'Khách hàng #130', 'customer130@gmail.com', '0982478043', 'Hà Nội, Việt Nam', '27-02-2026 14:29:25', '2020000', '0', '2', NULL, '0'),
('131', NULL, 'Khách hàng #131', 'customer131@gmail.com', '0930224069', 'Hà Nội, Việt Nam', '10-05-2026 14:45:52', '1090000', '0', '2', NULL, '0'),
('132', NULL, 'Khách hàng #132', 'customer132@gmail.com', '0951088377', 'Hà Nội, Việt Nam', '08-05-2026 19:00:40', '1530000', '0', '2', NULL, '0'),
('133', NULL, 'Khách hàng #133', 'customer133@gmail.com', '0936671025', 'Hà Nội, Việt Nam', '01-03-2026 13:18:07', '4390000', '1', '2', NULL, '0'),
('134', NULL, 'Khách hàng #134', 'customer134@gmail.com', '0988350489', 'Hà Nội, Việt Nam', '19-01-2026 14:21:26', '5250000', '1', '2', NULL, '0'),
('135', NULL, 'Khách hàng #135', 'customer135@gmail.com', '0996390081', 'Hà Nội, Việt Nam', '27-02-2026 15:58:31', '2200000', '0', '2', NULL, '0'),
('136', NULL, 'Khách hàng #136', 'customer136@gmail.com', '0970440735', 'Hà Nội, Việt Nam', '24-03-2026 21:54:16', '5300000', '1', '2', NULL, '0'),
('137', NULL, 'Khách hàng #137', 'customer137@gmail.com', '0989490806', 'Hà Nội, Việt Nam', '01-02-2026 20:22:31', '4310000', '1', '2', NULL, '0'),
('138', NULL, 'Khách hàng #138', 'customer138@gmail.com', '0930153467', 'Hà Nội, Việt Nam', '14-04-2026 08:08:00', '1600000', '0', '2', NULL, '0'),
('139', NULL, 'Khách hàng #139', 'customer139@gmail.com', '0990558750', 'Hà Nội, Việt Nam', '26-06-2026 15:03:30', '4440000', '0', '2', NULL, '0'),
('140', NULL, 'Khách hàng #140', 'customer140@gmail.com', '0970544073', 'Hà Nội, Việt Nam', '04-03-2026 12:17:58', '3670000', '0', '2', NULL, '0'),
('141', NULL, 'Khách hàng #141', 'customer141@gmail.com', '0997182916', 'Hà Nội, Việt Nam', '15-01-2026 17:07:49', '1310000', '0', '2', NULL, '0'),
('142', NULL, 'Khách hàng #142', 'customer142@gmail.com', '0930226962', 'Hà Nội, Việt Nam', '25-06-2026 16:43:20', '1990000', '1', '2', NULL, '0'),
('143', NULL, 'Khách hàng #143', 'customer143@gmail.com', '0920617945', 'Hà Nội, Việt Nam', '17-02-2026 13:57:58', '2180000', '1', '2', NULL, '0'),
('144', NULL, 'Khách hàng #144', 'customer144@gmail.com', '0975120382', 'Hà Nội, Việt Nam', '18-05-2026 09:39:34', '4060000', '0', '2', NULL, '0'),
('145', NULL, 'Khách hàng #145', 'customer145@gmail.com', '0998796505', 'Hà Nội, Việt Nam', '10-01-2026 15:19:54', '1790000', '1', '2', NULL, '0'),
('146', NULL, 'Khách hàng #146', 'customer146@gmail.com', '0929293698', 'Hà Nội, Việt Nam', '28-01-2026 09:13:08', '5510000', '1', '2', NULL, '0'),
('147', NULL, 'Khách hàng #147', 'customer147@gmail.com', '0920892611', 'Hà Nội, Việt Nam', '26-04-2026 09:43:23', '3740000', '1', '2', NULL, '0'),
('148', NULL, 'Khách hàng #148', 'customer148@gmail.com', '0916056785', 'Hà Nội, Việt Nam', '26-03-2026 17:41:49', '2890000', '1', '2', NULL, '0'),
('149', NULL, 'Khách hàng #149', 'customer149@gmail.com', '0971745654', 'Hà Nội, Việt Nam', '12-04-2026 18:50:59', '3600000', '1', '2', NULL, '0'),
('150', NULL, 'Khách hàng #150', 'customer150@gmail.com', '0970129073', 'Hà Nội, Việt Nam', '01-06-2026 21:43:51', '5170000', '1', '2', NULL, '0'),
('151', NULL, 'Khách hàng #151', 'customer151@gmail.com', '0950194215', 'Hà Nội, Việt Nam', '24-03-2026 16:21:07', '4020000', '1', '2', NULL, '0'),
('152', NULL, 'Khách hàng #152', 'customer152@gmail.com', '0911452554', 'Hà Nội, Việt Nam', '02-03-2026 08:38:26', '3640000', '1', '2', NULL, '0'),
('153', NULL, 'Khách hàng #153', 'customer153@gmail.com', '0959807357', 'Hà Nội, Việt Nam', '01-04-2026 18:00:31', '3640000', '1', '2', NULL, '0'),
('154', NULL, 'Khách hàng #154', 'customer154@gmail.com', '0911013364', 'Hà Nội, Việt Nam', '24-02-2026 17:44:56', '1360000', '0', '2', NULL, '0'),
('155', NULL, 'Khách hàng #155', 'customer155@gmail.com', '0951067387', 'Hà Nội, Việt Nam', '28-02-2026 17:53:03', '2110000', '1', '2', NULL, '0'),
('156', NULL, 'Khách hàng #156', 'customer156@gmail.com', '0972423171', 'Hà Nội, Việt Nam', '20-03-2026 18:17:23', '5910000', '1', '2', NULL, '0'),
('157', NULL, 'Khách hàng #157', 'customer157@gmail.com', '0934258177', 'Hà Nội, Việt Nam', '25-06-2026 18:59:50', '1610000', '0', '2', NULL, '0'),
('158', NULL, 'Khách hàng #158', 'customer158@gmail.com', '0978746458', 'Hà Nội, Việt Nam', '02-06-2026 20:42:41', '1680000', '1', '2', NULL, '0'),
('159', NULL, 'Khách hàng #159', 'customer159@gmail.com', '0930863087', 'Hà Nội, Việt Nam', '22-05-2026 17:32:28', '1010000', '0', '2', NULL, '0'),
('160', NULL, 'Khách hàng #160', 'customer160@gmail.com', '0981771330', 'Hà Nội, Việt Nam', '22-05-2026 08:56:57', '1820000', '0', '2', NULL, '0'),
('161', NULL, 'Khách hàng #161', 'customer161@gmail.com', '0914267978', 'Hà Nội, Việt Nam', '27-04-2026 18:08:10', '4190000', '0', '2', NULL, '0'),
('162', NULL, 'Khách hàng #162', 'customer162@gmail.com', '0967153511', 'Hà Nội, Việt Nam', '21-04-2026 14:48:45', '1280000', '1', '2', NULL, '0'),
('163', NULL, 'Khách hàng #163', 'customer163@gmail.com', '0951781296', 'Hà Nội, Việt Nam', '02-04-2026 17:05:53', '4510000', '0', '2', NULL, '0'),
('164', NULL, 'Khách hàng #164', 'customer164@gmail.com', '0953021737', 'Hà Nội, Việt Nam', '23-04-2026 10:50:32', '3170000', '0', '2', NULL, '0'),
('165', NULL, 'Khách hàng #165', 'customer165@gmail.com', '0935491997', 'Hà Nội, Việt Nam', '07-06-2026 18:18:51', '4720000', '0', '2', NULL, '0'),
('166', NULL, 'Khách hàng #166', 'customer166@gmail.com', '0956769467', 'Hà Nội, Việt Nam', '28-01-2026 17:00:33', '2340000', '0', '2', NULL, '0'),
('167', NULL, 'Khách hàng #167', 'customer167@gmail.com', '0930927616', 'Hà Nội, Việt Nam', '14-06-2026 11:55:08', '4620000', '1', '2', NULL, '0'),
('168', NULL, 'Khách hàng #168', 'customer168@gmail.com', '0941678968', 'Hà Nội, Việt Nam', '11-03-2026 13:00:47', '1820000', '0', '2', NULL, '0'),
('169', NULL, 'Khách hàng #169', 'customer169@gmail.com', '0940890993', 'Hà Nội, Việt Nam', '18-01-2026 11:27:00', '3680000', '0', '2', NULL, '0'),
('170', NULL, 'Khách hàng #170', 'customer170@gmail.com', '0958728438', 'Hà Nội, Việt Nam', '17-03-2026 13:54:31', '5960000', '0', '2', NULL, '0'),
('171', NULL, 'Khách hàng #171', 'customer171@gmail.com', '0950034399', 'Hà Nội, Việt Nam', '07-05-2026 13:25:46', '3470000', '1', '2', NULL, '0'),
('172', NULL, 'Khách hàng #172', 'customer172@gmail.com', '0974521490', 'Hà Nội, Việt Nam', '04-01-2026 20:37:52', '1670000', '0', '2', NULL, '0'),
('173', NULL, 'Khách hàng #173', 'customer173@gmail.com', '0968296078', 'Hà Nội, Việt Nam', '18-06-2026 16:43:51', '1350000', '1', '2', NULL, '0'),
('174', NULL, 'Khách hàng #174', 'customer174@gmail.com', '0973177728', 'Hà Nội, Việt Nam', '06-02-2026 09:43:39', '3830000', '1', '2', NULL, '0'),
('175', NULL, 'Khách hàng #175', 'customer175@gmail.com', '0993961096', 'Hà Nội, Việt Nam', '05-02-2026 13:47:17', '3680000', '1', '2', NULL, '0'),
('176', NULL, 'Khách hàng #176', 'customer176@gmail.com', '0914415170', 'Hà Nội, Việt Nam', '04-06-2026 20:28:23', '4970000', '0', '2', NULL, '0'),
('177', NULL, 'Khách hàng #177', 'customer177@gmail.com', '0918899414', 'Hà Nội, Việt Nam', '07-05-2026 19:41:06', '2820000', '0', '2', NULL, '0'),
('178', NULL, 'Khách hàng #178', 'customer178@gmail.com', '0943195578', 'Hà Nội, Việt Nam', '18-04-2026 15:44:21', '1880000', '1', '2', NULL, '0'),
('179', NULL, 'Khách hàng #179', 'customer179@gmail.com', '0983003941', 'Hà Nội, Việt Nam', '28-01-2026 10:44:00', '2740000', '1', '2', NULL, '0'),
('180', NULL, 'Khách hàng #180', 'customer180@gmail.com', '0991493585', 'Hà Nội, Việt Nam', '09-04-2026 18:25:29', '1970000', '1', '2', NULL, '0'),
('181', NULL, 'Khách hàng #181', 'customer181@gmail.com', '0972525518', 'Hà Nội, Việt Nam', '17-06-2026 10:09:10', '3710000', '0', '2', NULL, '0'),
('182', NULL, 'Khách hàng #182', 'customer182@gmail.com', '0912910213', 'Hà Nội, Việt Nam', '12-03-2026 20:34:46', '3770000', '1', '2', NULL, '0'),
('183', NULL, 'Khách hàng #183', 'customer183@gmail.com', '0979685354', 'Hà Nội, Việt Nam', '21-06-2026 14:27:38', '5930000', '0', '2', NULL, '0'),
('184', NULL, 'Khách hàng #184', 'customer184@gmail.com', '0912825238', 'Hà Nội, Việt Nam', '26-03-2026 13:12:29', '4390000', '1', '2', NULL, '0'),
('185', NULL, 'Khách hàng #185', 'customer185@gmail.com', '0977163558', 'Hà Nội, Việt Nam', '18-04-2026 16:13:33', '5940000', '0', '2', NULL, '0'),
('186', NULL, 'Khách hàng #186', 'customer186@gmail.com', '0968948226', 'Hà Nội, Việt Nam', '24-04-2026 19:52:00', '1500000', '1', '2', NULL, '0'),
('187', NULL, 'Khách hàng #187', 'customer187@gmail.com', '0983035159', 'Hà Nội, Việt Nam', '02-03-2026 20:46:24', '4560000', '1', '2', NULL, '0'),
('188', NULL, 'Khách hàng #188', 'customer188@gmail.com', '0982124277', 'Hà Nội, Việt Nam', '14-06-2026 18:11:40', '2490000', '0', '2', NULL, '0'),
('189', NULL, 'Khách hàng #189', 'customer189@gmail.com', '0972875144', 'Hà Nội, Việt Nam', '13-02-2026 21:32:24', '4000000', '0', '2', NULL, '0'),
('190', NULL, 'Khách hàng #190', 'customer190@gmail.com', '0933055210', 'Hà Nội, Việt Nam', '09-06-2026 11:28:19', '3020000', '1', '2', NULL, '0'),
('191', NULL, 'Khách hàng #191', 'customer191@gmail.com', '0941173194', 'Hà Nội, Việt Nam', '21-05-2026 08:53:23', '3270000', '1', '2', NULL, '0'),
('192', NULL, 'Khách hàng #192', 'customer192@gmail.com', '0975446901', 'Hà Nội, Việt Nam', '28-01-2026 11:35:02', '2690000', '0', '2', NULL, '0'),
('193', NULL, 'Khách hàng #193', 'customer193@gmail.com', '0964241186', 'Hà Nội, Việt Nam', '27-05-2026 16:55:14', '2670000', '1', '2', NULL, '0'),
('194', NULL, 'Khách hàng #194', 'customer194@gmail.com', '0940664993', 'Hà Nội, Việt Nam', '22-05-2026 16:44:07', '5250000', '1', '2', NULL, '0'),
('195', NULL, 'Khách hàng #195', 'customer195@gmail.com', '0929351052', 'Hà Nội, Việt Nam', '25-06-2026 21:13:47', '2170000', '0', '2', NULL, '0'),
('196', NULL, 'Khách hàng #196', 'customer196@gmail.com', '0968470596', 'Hà Nội, Việt Nam', '23-06-2026 17:31:42', '4760000', '0', '2', NULL, '0'),
('197', NULL, 'Khách hàng #197', 'customer197@gmail.com', '0934960239', 'Hà Nội, Việt Nam', '11-01-2026 14:16:18', '4570000', '1', '2', NULL, '0'),
('198', NULL, 'Khách hàng #198', 'customer198@gmail.com', '0986890946', 'Hà Nội, Việt Nam', '24-02-2026 14:38:47', '4970000', '0', '2', NULL, '0'),
('199', NULL, 'Khách hàng #199', 'customer199@gmail.com', '0993756737', 'Hà Nội, Việt Nam', '20-04-2026 11:37:05', '5290000', '1', '2', NULL, '0'),
('200', NULL, 'Khách hàng #200', 'customer200@gmail.com', '0998101616', 'Hà Nội, Việt Nam', '21-06-2026 10:46:25', '1350000', '1', '2', NULL, '0'),
('201', NULL, 'Khách hàng #201', 'customer201@gmail.com', '0983506306', 'Hà Nội, Việt Nam', '06-01-2026 09:28:18', '5150000', '1', '2', NULL, '0'),
('202', NULL, 'Khách hàng #202', 'customer202@gmail.com', '0940708467', 'Hà Nội, Việt Nam', '22-01-2026 18:50:48', '3570000', '0', '2', NULL, '0'),
('203', NULL, 'Khách hàng #203', 'customer203@gmail.com', '0937051561', 'Hà Nội, Việt Nam', '14-01-2026 15:24:37', '2930000', '0', '2', NULL, '0'),
('204', NULL, 'Khách hàng #204', 'customer204@gmail.com', '0991679015', 'Hà Nội, Việt Nam', '11-04-2026 12:18:03', '4310000', '1', '2', NULL, '0'),
('205', NULL, 'Khách hàng #205', 'customer205@gmail.com', '0940265778', 'Hà Nội, Việt Nam', '01-05-2026 10:55:15', '1120000', '1', '2', NULL, '0'),
('206', NULL, 'Khách hàng #206', 'customer206@gmail.com', '0925247629', 'Hà Nội, Việt Nam', '04-01-2026 11:35:50', '1850000', '0', '2', NULL, '0'),
('207', NULL, 'Khách hàng #207', 'customer207@gmail.com', '0975745583', 'Hà Nội, Việt Nam', '28-05-2026 08:41:43', '2790000', '1', '2', NULL, '0'),
('208', NULL, 'Khách hàng #208', 'customer208@gmail.com', '0935167607', 'Hà Nội, Việt Nam', '21-02-2026 12:46:25', '3770000', '0', '2', NULL, '0'),
('209', NULL, 'Khách hàng #209', 'customer209@gmail.com', '0935434881', 'Hà Nội, Việt Nam', '16-04-2026 18:11:51', '2740000', '1', '2', NULL, '0'),
('210', NULL, 'Khách hàng #210', 'customer210@gmail.com', '0960666030', 'Hà Nội, Việt Nam', '13-03-2026 21:31:14', '3510000', '0', '2', NULL, '0'),
('211', NULL, 'Khách hàng #211', 'customer211@gmail.com', '0935826016', 'Hà Nội, Việt Nam', '01-04-2026 15:49:07', '4510000', '0', '2', NULL, '0'),
('212', NULL, 'Khách hàng #212', 'customer212@gmail.com', '0915408946', 'Hà Nội, Việt Nam', '07-05-2026 10:06:06', '5760000', '0', '2', NULL, '0'),
('213', NULL, 'Khách hàng #213', 'customer213@gmail.com', '0983229281', 'Hà Nội, Việt Nam', '15-02-2026 14:34:23', '4150000', '0', '2', NULL, '0'),
('214', NULL, 'Khách hàng #214', 'customer214@gmail.com', '0971988617', 'Hà Nội, Việt Nam', '01-03-2026 15:35:07', '2460000', '0', '2', NULL, '0'),
('215', NULL, 'Khách hàng #215', 'customer215@gmail.com', '0920482810', 'Hà Nội, Việt Nam', '07-02-2026 20:01:46', '4520000', '0', '2', NULL, '0'),
('216', NULL, 'Khách hàng #216', 'customer216@gmail.com', '0944555339', 'Hà Nội, Việt Nam', '25-02-2026 17:01:48', '4730000', '0', '2', NULL, '0'),
('217', NULL, 'Khách hàng #217', 'customer217@gmail.com', '0997086360', 'Hà Nội, Việt Nam', '12-05-2026 16:23:47', '3560000', '1', '2', NULL, '0'),
('218', NULL, 'Khách hàng #218', 'customer218@gmail.com', '0990711033', 'Hà Nội, Việt Nam', '13-01-2026 12:19:56', '4060000', '0', '2', NULL, '0'),
('219', NULL, 'Khách hàng #219', 'customer219@gmail.com', '0947657278', 'Hà Nội, Việt Nam', '11-01-2026 10:15:23', '2760000', '0', '2', NULL, '0'),
('220', NULL, 'Khách hàng #220', 'customer220@gmail.com', '0932053185', 'Hà Nội, Việt Nam', '12-03-2026 21:36:12', '3620000', '1', '2', NULL, '0'),
('221', NULL, 'Khách hàng #221', 'customer221@gmail.com', '0990213724', 'Hà Nội, Việt Nam', '18-02-2026 20:17:05', '2280000', '0', '2', NULL, '0'),
('222', NULL, 'Khách hàng #222', 'customer222@gmail.com', '0952301030', 'Hà Nội, Việt Nam', '06-04-2026 21:07:14', '1830000', '0', '2', NULL, '0'),
('223', NULL, 'Khách hàng #223', 'customer223@gmail.com', '0943794627', 'Hà Nội, Việt Nam', '20-04-2026 22:11:08', '2750000', '0', '2', NULL, '0'),
('224', NULL, 'Khách hàng #224', 'customer224@gmail.com', '0950653175', 'Hà Nội, Việt Nam', '21-03-2026 10:41:43', '5830000', '0', '2', NULL, '0'),
('225', NULL, 'Khách hàng #225', 'customer225@gmail.com', '0931422865', 'Hà Nội, Việt Nam', '12-02-2026 08:54:42', '3540000', '1', '2', NULL, '0'),
('226', NULL, 'Khách hàng #226', 'customer226@gmail.com', '0940399088', 'Hà Nội, Việt Nam', '27-01-2026 18:21:04', '1680000', '1', '2', NULL, '0'),
('227', NULL, 'Khách hàng #227', 'customer227@gmail.com', '0989037024', 'Hà Nội, Việt Nam', '24-01-2026 16:23:32', '2620000', '0', '2', NULL, '0'),
('228', NULL, 'Khách hàng #228', 'customer228@gmail.com', '0962254379', 'Hà Nội, Việt Nam', '12-06-2026 12:23:50', '3580000', '1', '2', NULL, '0'),
('229', NULL, 'Khách hàng #229', 'customer229@gmail.com', '0938592244', 'Hà Nội, Việt Nam', '10-06-2026 13:53:46', '3200000', '1', '2', NULL, '0'),
('230', NULL, 'Khách hàng #230', 'customer230@gmail.com', '0966221138', 'Hà Nội, Việt Nam', '14-01-2026 20:40:19', '2660000', '0', '2', NULL, '0'),
('231', NULL, 'Khách hàng #231', 'customer231@gmail.com', '0970639125', 'Hà Nội, Việt Nam', '23-03-2026 19:09:19', '5630000', '0', '2', NULL, '0'),
('232', NULL, 'Khách hàng #232', 'customer232@gmail.com', '0941537398', 'Hà Nội, Việt Nam', '21-03-2026 12:33:16', '5800000', '1', '2', NULL, '0'),
('233', NULL, 'Khách hàng #233', 'customer233@gmail.com', '0996296326', 'Hà Nội, Việt Nam', '01-03-2026 20:07:47', '3100000', '1', '2', NULL, '0'),
('234', NULL, 'Khách hàng #234', 'customer234@gmail.com', '0913973631', 'Hà Nội, Việt Nam', '03-02-2026 12:59:03', '2290000', '1', '2', NULL, '0'),
('235', NULL, 'Khách hàng #235', 'customer235@gmail.com', '0964830587', 'Hà Nội, Việt Nam', '16-04-2026 12:21:19', '3420000', '1', '2', NULL, '0'),
('236', NULL, 'Khách hàng #236', 'customer236@gmail.com', '0951960426', 'Hà Nội, Việt Nam', '05-03-2026 16:32:10', '4780000', '1', '2', NULL, '0'),
('237', NULL, 'Khách hàng #237', 'customer237@gmail.com', '0922408900', 'Hà Nội, Việt Nam', '04-05-2026 17:40:45', '1980000', '1', '2', NULL, '0'),
('238', NULL, 'Khách hàng #238', 'customer238@gmail.com', '0917829784', 'Hà Nội, Việt Nam', '13-01-2026 11:15:39', '3680000', '1', '2', NULL, '0'),
('239', NULL, 'Khách hàng #239', 'customer239@gmail.com', '0957725616', 'Hà Nội, Việt Nam', '12-05-2026 20:45:40', '3500000', '1', '2', NULL, '0'),
('240', NULL, 'Khách hàng #240', 'customer240@gmail.com', '0920446724', 'Hà Nội, Việt Nam', '03-02-2026 08:17:09', '4750000', '0', '2', NULL, '0'),
('241', NULL, 'Khách hàng #241', 'customer241@gmail.com', '0966901996', 'Hà Nội, Việt Nam', '04-03-2026 15:43:50', '2360000', '0', '2', NULL, '0'),
('242', NULL, 'Khách hàng #242', 'customer242@gmail.com', '0935909479', 'Hà Nội, Việt Nam', '01-05-2026 09:05:45', '1080000', '0', '2', NULL, '0'),
('243', NULL, 'Khách hàng #243', 'customer243@gmail.com', '0961922617', 'Hà Nội, Việt Nam', '05-02-2026 20:54:51', '1950000', '1', '2', NULL, '0'),
('244', NULL, 'Khách hàng #244', 'customer244@gmail.com', '0981369981', 'Hà Nội, Việt Nam', '13-02-2026 13:26:10', '2030000', '0', '2', NULL, '0'),
('245', NULL, 'Khách hàng #245', 'customer245@gmail.com', '0949251614', 'Hà Nội, Việt Nam', '20-05-2026 13:41:14', '4720000', '0', '2', NULL, '0'),
('246', NULL, 'Khách hàng #246', 'customer246@gmail.com', '0942518452', 'Hà Nội, Việt Nam', '01-01-2026 14:32:54', '1030000', '0', '2', NULL, '0'),
('247', NULL, 'Khách hàng #247', 'customer247@gmail.com', '0988920593', 'Hà Nội, Việt Nam', '04-06-2026 20:19:15', '2460000', '0', '2', NULL, '0'),
('248', NULL, 'Khách hàng #248', 'customer248@gmail.com', '0910695828', 'Hà Nội, Việt Nam', '04-05-2026 08:39:35', '5980000', '0', '2', NULL, '0'),
('249', NULL, 'Khách hàng #249', 'customer249@gmail.com', '0955766126', 'Hà Nội, Việt Nam', '12-06-2026 21:15:22', '4840000', '0', '2', NULL, '0'),
('250', NULL, 'Khách hàng #250', 'customer250@gmail.com', '0945460832', 'Hà Nội, Việt Nam', '08-06-2026 16:30:04', '126380220', '1', '2', NULL, '0'),
('251', NULL, 'Khách hàng #251', 'customer251@gmail.com', '0954230267', 'Hà Nội, Việt Nam', '01-05-2026 17:31:13', '1120000', '1', '0', NULL, '0'),
('252', NULL, 'Khách hàng #252', 'customer252@gmail.com', '0951313043', 'Hà Nội, Việt Nam', '03-05-2026 15:32:16', '1120000', '0', '0', NULL, '0'),
('253', NULL, 'Khách hàng #253', 'customer253@gmail.com', '0946827869', 'Hà Nội, Việt Nam', '23-05-2026 08:51:35', '2030000', '0', '0', NULL, '0'),
('254', NULL, 'Khách hàng #254', 'customer254@gmail.com', '0920656919', 'Hà Nội, Việt Nam', '03-06-2026 19:38:37', '1150000', '1', '0', NULL, '0'),
('255', NULL, 'Khách hàng #255', 'customer255@gmail.com', '0928754907', 'Hà Nội, Việt Nam', '12-06-2026 12:33:40', '550000', '0', '0', NULL, '0'),
('256', NULL, 'Khách hàng #256', 'customer256@gmail.com', '0941384025', 'Hà Nội, Việt Nam', '02-05-2026 12:34:08', '1490000', '0', '0', NULL, '0'),
('257', NULL, 'Khách hàng #257', 'customer257@gmail.com', '0926272053', 'Hà Nội, Việt Nam', '18-06-2026 11:22:46', '2630000', '1', '0', NULL, '0'),
('258', NULL, 'Khách hàng #258', 'customer258@gmail.com', '0995680882', 'Hà Nội, Việt Nam', '08-06-2026 13:06:54', '610000', '1', '0', NULL, '0'),
('259', NULL, 'Khách hàng #259', 'customer259@gmail.com', '0995319423', 'Hà Nội, Việt Nam', '11-06-2026 08:04:30', '2820000', '1', '0', NULL, '0'),
('260', NULL, 'Khách hàng #260', 'customer260@gmail.com', '0931395150', 'Hà Nội, Việt Nam', '27-05-2026 11:33:37', '1940000', '1', '0', NULL, '0'),
('261', NULL, 'Khách hàng #261', 'customer261@gmail.com', '0910635170', 'Hà Nội, Việt Nam', '07-05-2026 13:17:04', '2530000', '0', '0', NULL, '0'),
('262', NULL, 'Khách hàng #262', 'customer262@gmail.com', '0956173309', 'Hà Nội, Việt Nam', '17-06-2026 12:04:34', '1740000', '0', '0', NULL, '0'),
('263', NULL, 'Khách hàng #263', 'customer263@gmail.com', '0952265963', 'Hà Nội, Việt Nam', '06-06-2026 14:26:39', '2620000', '0', '0', NULL, '0'),
('264', NULL, 'Khách hàng #264', 'customer264@gmail.com', '0984831578', 'Hà Nội, Việt Nam', '22-06-2026 09:13:47', '1780000', '0', '0', NULL, '0'),
('265', NULL, 'Khách hàng #265', 'customer265@gmail.com', '0921919292', 'Hà Nội, Việt Nam', '26-06-2026 08:38:43', '740000', '0', '0', NULL, '0'),
('266', NULL, 'Khách hàng #266', 'customer266@gmail.com', '0971574007', 'Hà Nội, Việt Nam', '22-05-2026 17:42:51', '2380000', '1', '1', NULL, '0'),
('267', NULL, 'Khách hàng #267', 'customer267@gmail.com', '0947300880', 'Hà Nội, Việt Nam', '27-05-2026 08:16:06', '2210000', '1', '1', NULL, '0'),
('268', NULL, 'Khách hàng #268', 'customer268@gmail.com', '0985780386', 'Hà Nội, Việt Nam', '22-06-2026 14:29:11', '890000', '0', '1', NULL, '0'),
('269', NULL, 'Khách hàng #269', 'customer269@gmail.com', '0965858693', 'Hà Nội, Việt Nam', '17-05-2026 10:24:12', '720000', '0', '1', NULL, '0'),
('270', NULL, 'Khách hàng #270', 'customer270@gmail.com', '0998370737', 'Hà Nội, Việt Nam', '17-05-2026 20:41:51', '2220000', '1', '1', NULL, '0'),
('271', NULL, 'Khách hàng #271', 'customer271@gmail.com', '0980446381', 'Hà Nội, Việt Nam', '02-06-2026 18:42:23', '1820000', '0', '1', NULL, '0'),
('272', NULL, 'Khách hàng #272', 'customer272@gmail.com', '0981483091', 'Hà Nội, Việt Nam', '18-05-2026 10:25:48', '1550000', '1', '1', NULL, '0'),
('273', NULL, 'Khách hàng #273', 'customer273@gmail.com', '0987350245', 'Hà Nội, Việt Nam', '18-06-2026 17:19:20', '2320000', '1', '1', NULL, '0'),
('274', NULL, 'Khách hàng #274', 'customer274@gmail.com', '0991080937', 'Hà Nội, Việt Nam', '18-06-2026 08:58:28', '1520000', '1', '1', NULL, '0'),
('275', NULL, 'Khách hàng #275', 'customer275@gmail.com', '0912511426', 'Hà Nội, Việt Nam', '19-06-2026 18:32:43', '2060000', '0', '1', NULL, '0'),
('276', NULL, 'Khách hàng #276', 'customer276@gmail.com', '0947284895', 'Hà Nội, Việt Nam', '21-06-2026 11:53:31', '2230000', '0', '3', NULL, '0'),
('277', NULL, 'Khách hàng #277', 'customer277@gmail.com', '0983750501', 'Hà Nội, Việt Nam', '26-05-2026 16:38:02', '2280000', '1', '3', NULL, '0'),
('278', NULL, 'Khách hàng #278', 'customer278@gmail.com', '0959623613', 'Hà Nội, Việt Nam', '09-06-2026 09:00:45', '1990000', '0', '3', NULL, '0'),
('279', NULL, 'Khách hàng #279', 'customer279@gmail.com', '0940705759', 'Hà Nội, Việt Nam', '21-06-2026 16:50:18', '2700000', '1', '3', NULL, '0'),
('280', NULL, 'Khách hàng #280', 'customer280@gmail.com', '0930255035', 'Hà Nội, Việt Nam', '06-06-2026 18:17:22', '2160000', '1', '3', NULL, '0'),
('281', NULL, 'Khách hàng #281', 'customer281@gmail.com', '0929903234', 'Hà Nội, Việt Nam', '03-06-2026 13:00:29', '1790000', '1', '3', NULL, '0'),
('282', NULL, 'Khách hàng #282', 'customer282@gmail.com', '0965878078', 'Hà Nội, Việt Nam', '25-05-2026 10:15:31', '730000', '0', '3', NULL, '0'),
('283', NULL, 'Khách hàng #283', 'customer283@gmail.com', '0951752134', 'Hà Nội, Việt Nam', '04-06-2026 22:53:11', '830000', '1', '3', NULL, '0'),
('284', NULL, 'Khách hàng #284', 'customer284@gmail.com', '0937756905', 'Hà Nội, Việt Nam', '23-06-2026 16:09:43', '510000', '0', '3', NULL, '0'),
('285', NULL, 'Khách hàng #285', 'customer285@gmail.com', '0974684587', 'Hà Nội, Việt Nam', '19-05-2026 17:00:46', '1150000', '0', '3', NULL, '0'),
('286', NULL, 'Khách hàng #286', 'customer286@gmail.com', '0955651895', 'Hà Nội, Việt Nam', '28-06-2026 15:09:11', '1570000', '1', '3', NULL, '0'),
('287', NULL, 'Khách hàng #287', 'customer287@gmail.com', '0966000333', 'Hà Nội, Việt Nam', '03-05-2026 11:58:09', '2380000', '1', '3', NULL, '0'),
('288', NULL, 'Khách hàng #288', 'customer288@gmail.com', '0980432006', 'Hà Nội, Việt Nam', '02-06-2026 16:48:12', '2240000', '0', '3', NULL, '0'),
('289', NULL, 'Khách hàng #289', 'customer289@gmail.com', '0924039926', 'Hà Nội, Việt Nam', '16-05-2026 10:48:26', '740000', '0', '3', NULL, '0'),
('290', NULL, 'Khách hàng #290', 'customer290@gmail.com', '0951547367', 'Hà Nội, Việt Nam', '25-06-2026 08:08:27', '1610000', '0', '3', NULL, '0');

CREATE TABLE `chitiet_donhang` (
  `id` int(11) NOT NULL AUTO_INCREMENT,
  `id_donhang` int(11) NOT NULL,
  `id_sanpham` int(11) NOT NULL,
  `ten_sanpham` varchar(255) NOT NULL,
  `hinh_anh` varchar(255) NOT NULL,
  `gia` double NOT NULL,
  `so_luong` int(11) NOT NULL,
  `size` varchar(10) DEFAULT NULL,
  PRIMARY KEY (`id`),
  KEY `id_donhang` (`id_donhang`),
  KEY `id_sanpham` (`id_sanpham`),
  CONSTRAINT `chitiet_donhang_ibfk_1` FOREIGN KEY (`id_donhang`) REFERENCES `donhang` (`id`) ON DELETE CASCADE,
  CONSTRAINT `chitiet_donhang_ibfk_2` FOREIGN KEY (`id_sanpham`) REFERENCES `sanpham` (`id`) ON DELETE CASCADE
) ENGINE=InnoDB AUTO_INCREMENT=417 DEFAULT CHARSET=utf8mb4 COLLATE=utf8mb4_general_ci;

INSERT INTO `chitiet_donhang` (`id`, `id_donhang`, `id_sanpham`, `ten_sanpham`, `hinh_anh`, `gia`, `so_luong`, `size`) VALUES
('1', '1', '145', 'Giày Adidas City Walk #26', 'uploads/sneaker_26.svg', '2700000', '1', '43'),
('2', '1', '6', 'Zocker Winner #6', 'uploads/shoe_6.svg', '10000', '1', '39'),
('3', '2', '90', 'Giày Pickleball Asics Game FF Clay/OC - 1041A489-104 - White/Dark Neptune', 'uploads/asics_game_ff.svg', '4400000', '1', '40'),
('4', '3', '146', 'Giày Jordan Style Runner #27', 'uploads/sneaker_27.svg', '3960000', '1', '39'),
('5', '4', '75', 'Giày Pickleball Asics Gel Game FF - 1041A489 101 - White/Black', 'uploads/asics_gel_game_ff_white_black.svg', '1650000', '1', '42'),
('6', '4', '24', 'Adidas X Crazyfast #24', 'uploads/shoe_24.svg', '30000', '1', '43'),
('7', '5', '151', 'Giày Asics Super Speed #32', 'uploads/sneaker_32.svg', '3370000', '1', '39'),
('8', '5', '223', 'Giày Asics Style Runner #104', 'uploads/sneaker_104.svg', '350000', '1', '43'),
('9', '6', '234', 'Giày Jordan Retro Classic #115', 'uploads/sneaker_115.svg', '2371500', '1', '39'),
('10', '6', '91', 'Giày Pickleball Asics Gel Challenger 15 - 1042A294-102 - Màu Trắng', 'uploads/asics_gel_challenger_15.svg', '2978500', '1', '40'),
('11', '7', '35', 'Adidas Copa Pure #35', 'uploads/shoe_35.svg', '1280000', '1', '40'),
('12', '8', '70', 'Quả Bóng Đá Kelme Mã 9886130', 'assets/images/ball_kelme_2_1782372767938.png', '370000', '1', '43'),
('13', '8', '95', 'Balo Pickleball Joola Backpack', 'uploads/pickleball_joola_backpack.svg', '4970000', '1', '40'),
('14', '9', '133', 'Giày Puma Flex Comfort #14', 'uploads/sneaker_14.svg', '2770000', '1', '42'),
('15', '9', '55', 'NMS NMS Elite #55', 'uploads/shoe_55.svg', '10000', '1', '43'),
('16', '10', '236', 'Giày New Balance City Walk #117', 'uploads/sneaker_117.svg', '1000000', '1', '40'),
('17', '11', '33', 'NMS NMS Classico #33', 'uploads/shoe_33.svg', '1521500', '1', '41'),
('18', '11', '144', 'Giày Nike Super Speed #25', 'uploads/sneaker_25.svg', '1048500', '1', '43'),
('19', '12', '204', 'Giày New Balance Court Pro #85', 'uploads/sneaker_85.svg', '4840000', '1', '42'),
('20', '13', '28', 'Zocker Zocker Focus #28', 'uploads/shoe_28.svg', '1180000', '1', '41'),
('21', '13', '158', 'Giày Mizuno Super Speed #39', 'uploads/sneaker_39.svg', '10000', '1', '42'),
('22', '14', '25', 'Mizuno Morelia Neo IV #25', 'uploads/shoe_25.svg', '1550000', '1', '43'),
('23', '14', '69', 'Quả Bóng Đá Kelme Mã 9086842', 'assets/images/ball_kelme_1_1782372758164.png', '1120000', '1', '41'),
('24', '15', '182', 'Giày Mizuno Flex Comfort #63', 'uploads/sneaker_63.svg', '2190000', '1', '41'),
('25', '16', '135', 'Giày Asics Air Max Zoom #16', 'uploads/sneaker_16.svg', '3502000', '1', '40'),
('26', '16', '152', 'Giày Nike City Walk #33', 'uploads/sneaker_33.svg', '1008000', '1', '42'),
('27', '17', '150', 'Giày Mizuno Retro Classic #31', 'uploads/sneaker_31.svg', '2120000', '1', '42'),
('28', '18', '9', 'Adidas Copa Pure 3 League TF - Pure Victory', 'assets/images/adidas_copa_pure3.png', '1250000', '1', '41'),
('29', '18', '6', 'Zocker Winner #6', 'uploads/shoe_6.svg', '650000', '1', '40'),
('30', '19', '139', 'Giày Li-Ning Style Runner #20', 'uploads/sneaker_20.svg', '3800000', '1', '40'),
('31', '20', '69', 'Quả Bóng Đá Kelme Mã 9086842', 'assets/images/ball_kelme_1_1782372758164.png', '420000', '1', '42'),
('32', '20', '193', 'Giày Adidas Super Speed #74', 'uploads/sneaker_74.svg', '870000', '1', '40'),
('33', '21', '177', 'Giày Adidas Air Max Zoom #58', 'uploads/sneaker_58.svg', '2730000', '1', '41'),
('34', '21', '62', 'Wika Wika Flash #62', 'uploads/shoe_62.svg', '10000', '1', '43'),
('35', '22', '124', 'Giày Air Jordan 1 Mid SE Craft \'Inside Out - White Sail\' DM9652-120', 'uploads/sneaker_5.svg', '1530000', '1', '42'),
('36', '23', '145', 'Giày Adidas City Walk #26', 'uploads/sneaker_26.svg', '3300000', '1', '39'),
('37', '23', '79', 'Giày Pickleball Nike Vapor Pro 3 HC PRM - HV1376-100 - Màu Trắng Cam', 'uploads/nike_vapor_pro_3_orange.svg', '1740000', '1', '42'),
('38', '24', '134', 'Giày Mizuno Court Pro #15', 'uploads/sneaker_15.svg', '2830000', '1', '43'),
('39', '24', '190', 'Giày Mizuno Court Pro #71', 'uploads/sneaker_71.svg', '150000', '1', '39'),
('40', '25', '203', 'Giày Li-Ning Flex Comfort #84', 'uploads/sneaker_84.svg', '4290000', '1', '43'),
('41', '25', '249', 'Giày Adidas Super Speed #130', 'uploads/sneaker_130.svg', '10000', '1', '41'),
('42', '26', '52', 'Pan Pan Fighter #52', 'uploads/shoe_52.svg', '3580000', '1', '39'),
('43', '27', '103', 'Giày Pickleball Asics Upcourt 6 - 1074A045 701 - Màu hồng', 'uploads/asics_upcourt_6_pink.svg', '2680000', '1', '41'),
('44', '28', '239', 'Giày Asics Court Pro #120', 'uploads/sneaker_120.svg', '2120000', '1', '43'),
('45', '29', '209', 'Giày Adidas Style Runner #90', 'uploads/sneaker_90.svg', '2920000', '1', '42'),
('46', '29', '221', 'Giày Puma Super Speed #102', 'uploads/sneaker_102.svg', '2710000', '1', '43'),
('47', '30', '48', 'Puma Future Ultimate #48', 'uploads/shoe_48.svg', '1904000', '1', '41'),
('48', '30', '21', 'Kelme Kelme Star #21', 'uploads/shoe_21.svg', '2796000', '1', '40'),
('49', '31', '169', 'Giày Adidas Court Pro #50', 'uploads/sneaker_50.svg', '3630000', '1', '39'),
('50', '32', '86', 'Vợt Pickleball Zocker Aspire', 'uploads/zocker_aspire.svg', '1800000', '1', '41'),
('51', '32', '158', 'Giày Mizuno Super Speed #39', 'uploads/sneaker_39.svg', '2290000', '1', '43'),
('52', '33', '64', 'Jogarbola Jogarbola Swift #64', 'uploads/shoe_64.svg', '2448000', '1', '41'),
('53', '33', '61', 'Zocker inspire Pro #61', 'uploads/shoe_61.svg', '2352000', '1', '41'),
('54', '34', '42', 'Jogarbola Jogarbola Koha #42', 'uploads/shoe_42.svg', '1751000', '1', '43'),
('55', '34', '223', 'Giày Asics Style Runner #104', 'uploads/sneaker_104.svg', '3769000', '1', '39'),
('56', '35', '40', 'Wika Wika Submax #40', 'uploads/shoe_40.svg', '1780000', '1', '40'),
('57', '35', '76', 'Giày Pickleball Nike Court Air Zoom Vapor Pro 3 Hc - FZ2161-101 - Trắng/Đen', 'uploads/nike_court_vapor_pro_3_black.svg', '10000', '1', '39'),
('58', '36', '85', 'Vợt Pickleball Voltano Apex Pro', 'uploads/voltano_apex_pro.svg', '2600000', '1', '41'),
('59', '37', '35', 'Adidas Copa Pure #35', 'uploads/shoe_35.svg', '1850000', '1', '41'),
('60', '37', '223', 'Giày Asics Style Runner #104', 'uploads/sneaker_104.svg', '3420000', '1', '39'),
('61', '38', '214', 'Giày Mizuno Super Speed #95', 'uploads/sneaker_95.svg', '2130000', '1', '39'),
('62', '38', '82', 'Vợt Pickleball Joola Agassi Pro V', 'uploads/joola_agassi_pro_v.svg', '10000', '1', '39'),
('63', '39', '151', 'Giày Asics Super Speed #32', 'uploads/sneaker_32.svg', '3370000', '1', '42'),
('64', '39', '38', 'Kamito TA11 Pro #38', 'uploads/shoe_38.svg', '890000', '1', '42'),
('65', '40', '105', 'Giày đá bóng cỏ nhân tạo Adidas F50 Hyperfast League TF Road to Glory - Solar Turbo/Core Black/Gold Metallic IH4582', 'uploads/adidas_f50_hyperfast_tf.png', '2260000', '1', '39'),
('66', '40', '148', 'Giày New Balance Court Pro #29', 'uploads/sneaker_29.svg', '10000', '1', '42'),
('67', '41', '165', 'Giày Puma Super Speed #46', 'uploads/sneaker_46.svg', '4160000', '1', '42'),
('68', '42', '12', 'Giày Bóng Đá Kelme TF Mã 8531ZX1036', 'assets/images/kelme_tf.png', '936000', '1', '42'),
('69', '42', '138', 'Giày Jordan City Walk #19', 'uploads/sneaker_19.svg', '754000', '1', '39'),
('70', '43', '102', 'Giày Pickleball Asics Gel Game GS 1044A052 - 406 Teal Blue/White', 'uploads/asics_gel_game_gs_teal.svg', '2490000', '1', '43'),
('71', '44', '52', 'Pan Pan Fighter #52', 'uploads/shoe_52.svg', '5930000', '1', '42'),
('72', '45', '160', 'Giày Nike Style Runner #41', 'uploads/sneaker_41.svg', '2280000', '1', '39'),
('73', '45', '155', 'Giày Li-Ning Court Pro #36', 'uploads/sneaker_36.svg', '3670000', '1', '41'),
('74', '46', '207', 'Giày Asics Super Speed #88', 'uploads/sneaker_88.svg', '3240000', '1', '40'),
('75', '47', '5', 'Kamito Velocidad II #5', 'uploads/shoe_5.svg', '950000', '1', '40'),
('76', '47', '215', 'Giày Asics City Walk #96', 'uploads/sneaker_96.svg', '560000', '1', '42'),
('77', '48', '204', 'Giày New Balance Court Pro #85', 'uploads/sneaker_85.svg', '2320000', '1', '43'),
('78', '49', '23', 'Nike Phantom GX #23', 'uploads/shoe_23.svg', '1490000', '1', '41'),
('79', '49', '236', 'Giày New Balance City Walk #117', 'uploads/sneaker_117.svg', '710000', '1', '40'),
('80', '50', '9', 'Adidas Copa Pure 3 League TF - Pure Victory', 'assets/images/adidas_copa_pure3.png', '1250000', '1', '43'),
('81', '50', '250', 'Giày Jordan City Walk #131', 'uploads/sneaker_131.svg', '1630000', '1', '39'),
('82', '51', '166', 'Giày Mizuno City Walk #47', 'uploads/sneaker_47.svg', '4260000', '1', '40'),
('83', '51', '52', 'Pan Pan Fighter #52', 'uploads/shoe_52.svg', '430000', '1', '39'),
('84', '52', '37', 'Puma Future Play #37', 'uploads/shoe_37.svg', '1230000', '1', '43'),
('85', '52', '3', 'Mizuno Monarcida Neo Select #3', 'uploads/shoe_3.svg', '10000', '1', '40'),
('86', '53', '177', 'Giày Adidas Air Max Zoom #58', 'uploads/sneaker_58.svg', '2924000', '1', '40'),
('87', '53', '188', 'Giày New Balance Style Runner #69', 'uploads/sneaker_69.svg', '976000', '1', '40'),
('88', '54', '175', 'Giày Asics Flex Comfort #56', 'uploads/sneaker_56.svg', '2240000', '1', '39'),
('89', '55', '126', 'Giày Nike Air Force 1 Boot NN \'Dark Smoke Grey Crater\' DD0747-001', 'uploads/sneaker_7.svg', '5490000', '1', '40'),
('90', '55', '64', 'Jogarbola Jogarbola Swift #64', 'uploads/shoe_64.svg', '10000', '1', '40'),
('91', '56', '108', 'Giày đá bóng cỏ nhân tạo Nike Tiempo Ligera Pro TF Breakout - Pink/Black IQ2384-901', 'uploads/nike_tiempo_ligera_tf.png', '3350000', '1', '42'),
('92', '56', '85', 'Vợt Pickleball Voltano Apex Pro', 'uploads/voltano_apex_pro.svg', '670000', '1', '40'),
('93', '57', '12', 'Giày Bóng Đá Kelme TF Mã 8531ZX1036', 'assets/images/kelme_tf.png', '936000', '1', '41'),
('94', '57', '29', 'Wika Wika Neo #29', 'uploads/shoe_29.svg', '3644000', '1', '39'),
('95', '58', '125', 'Giày New Balance 878 \'Navy Silver\' CM878KE1', 'uploads/sneaker_6.svg', '1570000', '1', '39'),
('96', '59', '108', 'Giày đá bóng cỏ nhân tạo Nike Tiempo Ligera Pro TF Breakout - Pink/Black IQ2384-901', 'uploads/nike_tiempo_ligera_tf.png', '4270000', '1', '39'),
('97', '60', '41', 'Pan Pan Vigor #41', 'uploads/shoe_41.svg', '2130000', '1', '41'),
('98', '61', '134', 'Giày Mizuno Court Pro #15', 'uploads/sneaker_15.svg', '1820000', '1', '41'),
('99', '61', '102', 'Giày Pickleball Asics Gel Game GS 1044A052 - 406 Teal Blue/White', 'uploads/asics_gel_game_gs_teal.svg', '10000', '1', '41'),
('100', '62', '222', 'Giày Mizuno City Walk #103', 'uploads/sneaker_103.svg', '2000000', '1', '43'),
('101', '63', '144', 'Giày Nike Super Speed #25', 'uploads/sneaker_25.svg', '4610000', '1', '40'),
('102', '64', '218', 'Giày Jordan Court Pro #99', 'uploads/sneaker_99.svg', '1710000', '1', '42'),
('103', '64', '157', 'Giày Puma Retro Classic #38', 'uploads/sneaker_38.svg', '1940000', '1', '40'),
('104', '65', '101', 'Giày Pickleball Asics Gel Resolution X GS 1044A081 - 400', 'uploads/asics_gel_resolution_x.svg', '1650000', '1', '39'),
('105', '65', '173', 'Giày Puma City Walk #54', 'uploads/sneaker_54.svg', '3840000', '1', '40'),
('106', '66', '191', 'Giày Asics Air Max Zoom #72', 'uploads/sneaker_72.svg', '3770000', '1', '42'),
('107', '67', '144', 'Giày Nike Super Speed #25', 'uploads/sneaker_25.svg', '2210000', '1', '43'),
('108', '68', '19', 'Pan Pan Super Sonic #19', 'uploads/shoe_19.svg', '1370000', '1', '41'),
('109', '68', '142', 'Giày Mizuno Air Max Zoom #23', 'uploads/sneaker_23.svg', '590000', '1', '41'),
('110', '69', '29', 'Wika Wika Neo #29', 'uploads/shoe_29.svg', '1670000', '1', '42'),
('111', '69', '81', 'Giày Pickleball Joma P.Stroke Men - PSTROS2502 - Màu Trắng', 'uploads/joma_p_stroke_white.svg', '1030000', '1', '41'),
('112', '70', '154', 'Giày Jordan Flex Comfort #35', 'uploads/sneaker_35.svg', '5900000', '1', '42'),
('113', '71', '162', 'Giày Jordan Court Pro #43', 'uploads/sneaker_43.svg', '4190000', '1', '42'),
('114', '72', '81', 'Giày Pickleball Joma P.Stroke Men - PSTROS2502 - Màu Trắng', 'uploads/joma_p_stroke_white.svg', '1450000', '1', '41'),
('115', '72', '258', 'Giày Jordan Style Runner #139', 'uploads/sneaker_139.svg', '4440000', '1', '42'),
('116', '73', '185', 'Giày Adidas Retro Classic #66', 'uploads/sneaker_66.svg', '1550000', '1', '43'),
('117', '73', '151', 'Giày Asics Super Speed #32', 'uploads/sneaker_32.svg', '10000', '1', '41'),
('118', '74', '254', 'Giày Mizuno Air Max Zoom #135', 'uploads/sneaker_135.svg', '3890000', '1', '43'),
('119', '74', '148', 'Giày New Balance Court Pro #29', 'uploads/sneaker_29.svg', '10000', '1', '42'),
('120', '75', '187', 'Giày Li-Ning City Walk #68', 'uploads/sneaker_68.svg', '2130000', '1', '42'),
('121', '76', '41', 'Pan Pan Vigor #41', 'uploads/shoe_41.svg', '4320000', '1', '41'),
('122', '77', '170', 'Giày Jordan Air Max Zoom #51', 'uploads/sneaker_51.svg', '2320000', '1', '42'),
('123', '77', '165', 'Giày Puma Super Speed #46', 'uploads/sneaker_46.svg', '10000', '1', '41'),
('124', '78', '142', 'Giày Mizuno Air Max Zoom #23', 'uploads/sneaker_23.svg', '3780000', '1', '41'),
('125', '78', '47', 'Mizuno Monarcida Neo Select #47', 'uploads/shoe_47.svg', '1560000', '1', '40'),
('126', '79', '96', 'Vợt Pickleball Selkirk Vanguard', 'uploads/pickleball_selkirk_vanguard.svg', '2730000', '1', '40'),
('127', '80', '126', 'Giày Nike Air Force 1 Boot NN \'Dark Smoke Grey Crater\' DD0747-001', 'uploads/sneaker_7.svg', '5560000', '1', '42'),
('128', '81', '135', 'Giày Asics Air Max Zoom #16', 'uploads/sneaker_16.svg', '3502000', '1', '42'),
('129', '81', '201', 'Giày Adidas City Walk #82', 'uploads/sneaker_82.svg', '358000', '1', '39'),
('130', '82', '255', 'Giày Asics Retro Classic #136', 'uploads/sneaker_136.svg', '3960000', '1', '42'),
('131', '83', '21', 'Kelme Kelme Star #21', 'uploads/shoe_21.svg', '2100000', '1', '42'),
('132', '84', '229', 'Giày Puma City Walk #110', 'uploads/sneaker_110.svg', '5960000', '1', '42'),
('133', '85', '86', 'Vợt Pickleball Zocker Aspire', 'uploads/zocker_aspire.svg', '5830000', '1', '43'),
('134', '86', '230', 'Giày Mizuno Style Runner #111', 'uploads/sneaker_111.svg', '2710000', '1', '41'),
('135', '86', '28', 'Zocker Zocker Focus #28', 'uploads/shoe_28.svg', '1290000', '1', '42'),
('136', '87', '197', 'Giày Puma Court Pro #78', 'uploads/sneaker_78.svg', '2750000', '1', '40'),
('137', '87', '170', 'Giày Jordan Air Max Zoom #51', 'uploads/sneaker_51.svg', '10000', '1', '41'),
('138', '88', '176', 'Giày Nike Court Pro #57', 'uploads/sneaker_57.svg', '3660000', '1', '40'),
('139', '89', '200', 'Giày Nike Super Speed #81', 'uploads/sneaker_81.svg', '2520000', '1', '42'),
('140', '89', '101', 'Giày Pickleball Asics Gel Resolution X GS 1044A081 - 400', 'uploads/asics_gel_resolution_x.svg', '2470000', '1', '43'),
('141', '90', '203', 'Giày Li-Ning Flex Comfort #84', 'uploads/sneaker_84.svg', '4010000', '1', '42'),
('142', '90', '62', 'Wika Wika Flash #62', 'uploads/shoe_62.svg', '10000', '1', '40'),
('143', '91', '209', 'Giày Adidas Style Runner #90', 'uploads/sneaker_90.svg', '2060000', '1', '43'),
('144', '91', '130', 'Giày Jordan Super Speed #11', 'uploads/sneaker_11.svg', '10000', '1', '39'),
('145', '92', '203', 'Giày Li-Ning Flex Comfort #84', 'uploads/sneaker_84.svg', '3690000', '1', '42'),
('146', '93', '139', 'Giày Li-Ning Style Runner #20', 'uploads/sneaker_20.svg', '5970000', '1', '43'),
('147', '94', '89', 'Giày Pickleball Asics Court FF 3 -1041A370-106 - Trắng/Hồng/Xanh', 'uploads/asics_court_ff_3.svg', '1120000', '1', '42'),
('148', '95', '80', 'Giày Nike Court Air Zoom Vapor Pro 3 HC FZ2158-401 - Màu Tím Khoai Môn', 'uploads/nike_vapor_pro_3_purple.svg', '5460000', '1', '41'),
('149', '96', '47', 'Mizuno Monarcida Neo Select #47', 'uploads/shoe_47.svg', '1000000', '1', '40'),
('150', '97', '203', 'Giày Li-Ning Flex Comfort #84', 'uploads/sneaker_84.svg', '5860000', '1', '42'),
('151', '98', '106', 'Giày đá bóng cỏ nhân tạo Adidas Predator League Fold-over Tongue TF Road to Glory - Solar Turbo/Thermal Chrome/Core Black IH7212', 'uploads/adidas_predator_tf.png', '2610000', '1', '41'),
('152', '99', '104', 'Giày đá bóng cỏ nhân tạo Adidas F50 Messi League TF El Ultimo Tango - Ivory/Semi Blue Burst/Icey Blue IH1903', 'uploads/adidas_f50_messi_tf.png', '2450000', '1', '41'),
('153', '99', '251', 'Giày Li-Ning Style Runner #132', 'uploads/sneaker_132.svg', '2190000', '1', '43'),
('154', '100', '142', 'Giày Mizuno Air Max Zoom #23', 'uploads/sneaker_23.svg', '3780000', '1', '41'),
('155', '100', '57', 'Adidas Predator Accuracy #57', 'uploads/shoe_57.svg', '1540000', '1', '40'),
('156', '101', '39', 'Zocker Zocker Space #39', 'uploads/shoe_39.svg', '5140000', '1', '42'),
('157', '102', '41', 'Pan Pan Vigor #41', 'uploads/shoe_41.svg', '2030000', '1', '42'),
('158', '102', '32', 'Kelme Kelme Madrid #32', 'uploads/shoe_32.svg', '3340000', '1', '42'),
('159', '103', '55', 'NMS NMS Elite #55', 'uploads/shoe_55.svg', '5040000', '1', '42'),
('160', '104', '53', 'Jogarbola JGBL Color #53', 'uploads/shoe_53.svg', '2390000', '1', '39'),
('161', '104', '50', 'Zocker Winner #50', 'uploads/shoe_50.svg', '3040000', '1', '41'),
('162', '105', '95', 'Balo Pickleball Joola Backpack', 'uploads/pickleball_joola_backpack.svg', '5720000', '1', '40'),
('163', '106', '155', 'Giày Li-Ning Court Pro #36', 'uploads/sneaker_36.svg', '2150000', '1', '39'),
('164', '106', '100', 'Giày Pickleball Asics Gel Game GS 1044A083 - 110 White Greyish Purple', 'uploads/asics_gel_game_gs_purple.svg', '600000', '1', '43'),
('165', '107', '194', 'Giày Jordan City Walk #75', 'uploads/sneaker_75.svg', '3020000', '1', '42'),
('166', '108', '247', 'Giày Asics Air Max Zoom #128', 'uploads/sneaker_128.svg', '4740000', '1', '40'),
('167', '109', '228', 'Giày New Balance Super Speed #109', 'uploads/sneaker_109.svg', '1997500', '1', '39'),
('168', '109', '39', 'Zocker Zocker Space #39', 'uploads/shoe_39.svg', '3362500', '1', '41'),
('169', '110', '18', 'Wika Wika Flash #18', 'uploads/shoe_18.svg', '1139000', '1', '39'),
('170', '110', '212', 'Giày New Balance Air Max Zoom #93', 'uploads/sneaker_93.svg', '4711000', '1', '43'),
('171', '111', '162', 'Giày Jordan Court Pro #43', 'uploads/sneaker_43.svg', '4900000', '1', '41'),
('172', '112', '254', 'Giày Mizuno Air Max Zoom #135', 'uploads/sneaker_135.svg', '3640000', '1', '41'),
('173', '112', '210', 'Giày Jordan Flex Comfort #91', 'uploads/sneaker_91.svg', '10000', '1', '42'),
('174', '113', '171', 'Giày Li-Ning Retro Classic #52', 'uploads/sneaker_52.svg', '1210000', '1', '41'),
('175', '113', '181', 'Giày Puma Style Runner #62', 'uploads/sneaker_62.svg', '10000', '1', '40'),
('176', '114', '42', 'Jogarbola Jogarbola Koha #42', 'uploads/shoe_42.svg', '1751000', '1', '39'),
('177', '114', '1', 'Nike Mercurial Vapor #1', 'uploads/shoe_1.svg', '2459000', '1', '39'),
('178', '115', '20', 'Jogarbola Jogarbola Swift #20', 'uploads/shoe_20.svg', '3670000', '1', '41'),
('179', '116', '10', 'Adidas F50 League TF IF1336 - Xanh/Hồng', 'assets/images/adidas_f50_league.png', '1490000', '1', '39'),
('180', '116', '186', 'Giày Jordan Super Speed #67', 'uploads/sneaker_67.svg', '4380000', '1', '41'),
('181', '117', '41', 'Pan Pan Vigor #41', 'uploads/shoe_41.svg', '2860000', '1', '39'),
('182', '118', '139', 'Giày Li-Ning Style Runner #20', 'uploads/sneaker_20.svg', '4690000', '1', '41'),
('183', '119', '57', 'Adidas Predator Accuracy #57', 'uploads/shoe_57.svg', '2460000', '1', '42'),
('184', '120', '241', 'Giày Adidas Retro Classic #122', 'uploads/sneaker_122.svg', '1550000', '1', '41'),
('185', '120', '241', 'Giày Adidas Retro Classic #122', 'uploads/sneaker_122.svg', '10000', '1', '39'),
('186', '121', '218', 'Giày Jordan Court Pro #99', 'uploads/sneaker_99.svg', '3000000', '1', '41'),
('187', '122', '120', 'Giày Nike Freak 5 \'Alphabet Bros\' DX4985-600', 'uploads/sneaker_1.svg', '3970000', '1', '39'),
('188', '123', '39', 'Zocker Zocker Space #39', 'uploads/shoe_39.svg', '1674500', '1', '42'),
('189', '123', '210', 'Giày Jordan Flex Comfort #91', 'uploads/sneaker_91.svg', '3825500', '1', '42'),
('190', '124', '243', 'Giày Li-Ning City Walk #124', 'uploads/sneaker_124.svg', '1445000', '1', '42'),
('191', '124', '199', 'Giày Asics Retro Classic #80', 'uploads/sneaker_80.svg', '4165000', '1', '42'),
('192', '125', '181', 'Giày Puma Style Runner #62', 'uploads/sneaker_62.svg', '2450000', '1', '43'),
('193', '126', '10', 'Adidas F50 League TF IF1336 - Xanh/Hồng', 'assets/images/adidas_f50_league.png', '5160000', '1', '41'),
('194', '127', '4', 'Puma Future Ultimate #4', 'uploads/shoe_4.svg', '3330000', '1', '43'),
('195', '128', '155', 'Giày Li-Ning Court Pro #36', 'uploads/sneaker_36.svg', '5390000', '1', '42'),
('196', '129', '68', 'Adidas X Crazyfast #68', 'uploads/shoe_68.svg', '4240000', '1', '39'),
('197', '130', '60', 'Kamito Cobra #60', 'uploads/shoe_60.svg', '2010000', '1', '42'),
('198', '130', '162', 'Giày Jordan Court Pro #43', 'uploads/sneaker_43.svg', '10000', '1', '43'),
('199', '131', '95', 'Balo Pickleball Joola Backpack', 'uploads/pickleball_joola_backpack.svg', '850000', '1', '43'),
('200', '131', '185', 'Giày Adidas Retro Classic #66', 'uploads/sneaker_66.svg', '240000', '1', '39'),
('201', '132', '1', 'Nike Mercurial Vapor #1', 'uploads/shoe_1.svg', '1530000', '1', '39'),
('202', '133', '181', 'Giày Puma Style Runner #62', 'uploads/sneaker_62.svg', '4390000', '1', '39'),
('203', '134', '224', 'Giày Nike Flex Comfort #105', 'uploads/sneaker_105.svg', '3480000', '1', '42'),
('204', '134', '96', 'Vợt Pickleball Selkirk Vanguard', 'uploads/pickleball_selkirk_vanguard.svg', '1770000', '1', '43'),
('205', '135', '187', 'Giày Li-Ning City Walk #68', 'uploads/sneaker_68.svg', '2200000', '1', '42'),
('206', '136', '211', 'Giày Li-Ning Court Pro #92', 'uploads/sneaker_92.svg', '5300000', '1', '39'),
('207', '137', '104', 'Giày đá bóng cỏ nhân tạo Adidas F50 Messi League TF El Ultimo Tango - Ivory/Semi Blue Burst/Icey Blue IH1903', 'uploads/adidas_f50_messi_tf.png', '2450000', '1', '39'),
('208', '137', '125', 'Giày New Balance 878 \'Navy Silver\' CM878KE1', 'uploads/sneaker_6.svg', '1860000', '1', '40'),
('209', '138', '110', 'Giày đá bóng cỏ nhân tạo Nike Phantom 6 Academy Low Cut TF Breakout - Pink/White/Black IQ2399-900', 'uploads/nike_phantom_g_academy_tf.png', '1590000', '1', '43'),
('210', '138', '15', 'Puma King Pro #15', 'uploads/shoe_15.svg', '10000', '1', '42'),
('211', '139', '9', 'Adidas Copa Pure 3 League TF - Pure Victory', 'assets/images/adidas_copa_pure3.png', '1250000', '1', '43'),
('212', '139', '98', 'Vợt Pickleball Kamito Dominus', 'uploads/pickleball_kamito_dominus.svg', '3190000', '1', '43'),
('213', '140', '46', 'Adidas F50 League #46', 'uploads/shoe_46.svg', '3670000', '1', '41'),
('214', '141', '186', 'Giày Jordan Super Speed #67', 'uploads/sneaker_67.svg', '1310000', '1', '43'),
('215', '142', '48', 'Puma Future Ultimate #48', 'uploads/shoe_48.svg', '1990000', '1', '43'),
('216', '143', '236', 'Giày New Balance City Walk #117', 'uploads/sneaker_117.svg', '2170000', '1', '39'),
('217', '143', '97', 'Vợt Pickleball Facolos Elite', 'uploads/pickleball_facolos_elite.svg', '10000', '1', '39'),
('218', '144', '180', 'Giày New Balance City Walk #61', 'uploads/sneaker_61.svg', '4060000', '1', '40'),
('219', '145', '108', 'Giày đá bóng cỏ nhân tạo Nike Tiempo Ligera Pro TF Breakout - Pink/Black IQ2384-901', 'uploads/nike_tiempo_ligera_tf.png', '1790000', '1', '41'),
('220', '146', '96', 'Vợt Pickleball Selkirk Vanguard', 'uploads/pickleball_selkirk_vanguard.svg', '5510000', '1', '40'),
('221', '147', '233', 'Giày Adidas Air Max Zoom #114', 'uploads/sneaker_114.svg', '3740000', '1', '40'),
('222', '148', '201', 'Giày Adidas City Walk #82', 'uploads/sneaker_82.svg', '2880000', '1', '43'),
('223', '148', '94', 'Bóng Pickleball Facolos Elite - Hộp 6 Quả', 'uploads/pickleball_facolos_elite.svg', '10000', '1', '41'),
('224', '149', '76', 'Giày Pickleball Nike Court Air Zoom Vapor Pro 3 Hc - FZ2161-101 - Trắng/Đen', 'uploads/nike_court_vapor_pro_3_black.svg', '3600000', '1', '41'),
('225', '150', '195', 'Giày Li-Ning Style Runner #76', 'uploads/sneaker_76.svg', '5170000', '1', '42'),
('226', '151', '156', 'Giày New Balance Air Max Zoom #37', 'uploads/sneaker_37.svg', '4020000', '1', '42'),
('227', '152', '159', 'Giày Asics City Walk #40', 'uploads/sneaker_40.svg', '1700000', '1', '43'),
('228', '152', '93', 'Hộp 3 Quả Bóng Pickleball Franklin Signature', 'uploads/pickleball_franklin_sig.svg', '1940000', '1', '43'),
('229', '153', '231', 'Giày Asics Flex Comfort #112', 'uploads/sneaker_112.svg', '3630000', '1', '42'),
('230', '153', '178', 'Giày Jordan Retro Classic #59', 'uploads/sneaker_59.svg', '10000', '1', '40'),
('231', '154', '102', 'Giày Pickleball Asics Gel Game GS 1044A052 - 406 Teal Blue/White', 'uploads/asics_gel_game_gs_teal.svg', '1360000', '1', '40'),
('232', '155', '58', 'Mizuno Mizuno Alpha #58', 'uploads/shoe_58.svg', '2100000', '1', '43'),
('233', '155', '183', 'Giày Asics Court Pro #64', 'uploads/sneaker_64.svg', '10000', '1', '39'),
('234', '156', '223', 'Giày Asics Style Runner #104', 'uploads/sneaker_104.svg', '1520000', '1', '40'),
('235', '156', '257', 'Giày Adidas City Walk #138', 'uploads/sneaker_138.svg', '4390000', '1', '40'),
('236', '157', '205', 'Giày Puma Air Max Zoom #86', 'uploads/sneaker_86.svg', '1600000', '1', '41'),
('237', '157', '83', 'Vợt Pickleball Joola Hyperion Pro V', 'uploads/joola_hyperion_pro_v.svg', '10000', '1', '42'),
('238', '158', '79', 'Giày Pickleball Nike Vapor Pro 3 HC PRM - HV1376-100 - Màu Trắng Cam', 'uploads/nike_vapor_pro_3_orange.svg', '1670000', '1', '42'),
('239', '158', '243', 'Giày Li-Ning City Walk #124', 'uploads/sneaker_124.svg', '10000', '1', '42'),
('240', '159', '77', 'Giày Pickleball Nike Court Air Zoom Vapor Pro - CZ0220-133 - Màu Trắng Xanh Navy', 'uploads/nike_court_vapor_pro_navy.svg', '1010000', '1', '43'),
('241', '160', '108', 'Giày đá bóng cỏ nhân tạo Nike Tiempo Ligera Pro TF Breakout - Pink/Black IQ2384-901', 'uploads/nike_tiempo_ligera_tf.png', '1820000', '1', '43'),
('242', '161', '205', 'Giày Puma Air Max Zoom #86', 'uploads/sneaker_86.svg', '4190000', '1', '41'),
('243', '162', '176', 'Giày Nike Court Pro #57', 'uploads/sneaker_57.svg', '1270000', '1', '39'),
('244', '162', '199', 'Giày Asics Retro Classic #80', 'uploads/sneaker_80.svg', '10000', '1', '43'),
('245', '163', '153', 'Giày Adidas Style Runner #34', 'uploads/sneaker_34.svg', '2745500', '1', '40'),
('246', '163', '11', 'Puma Future 8 Pro Cage TT Audacity - 108366-03', 'assets/images/puma_future8.png', '1764500', '1', '42'),
('247', '164', '60', 'Kamito Cobra #60', 'uploads/shoe_60.svg', '2210000', '1', '42'),
('248', '164', '84', 'Vợt Pickleball Joola Perseus Pro V', 'uploads/joola_perseus_pro_v.svg', '960000', '1', '40'),
('249', '165', '181', 'Giày Puma Style Runner #62', 'uploads/sneaker_62.svg', '2160000', '1', '39'),
('250', '165', '148', 'Giày New Balance Court Pro #29', 'uploads/sneaker_29.svg', '2560000', '1', '40'),
('251', '166', '157', 'Giày Puma Retro Classic #38', 'uploads/sneaker_38.svg', '2340000', '1', '39'),
('252', '167', '36', 'Mizuno Morelia Sala #36', 'uploads/shoe_36.svg', '4620000', '1', '43'),
('253', '168', '93', 'Hộp 3 Quả Bóng Pickleball Franklin Signature', 'uploads/pickleball_franklin_sig.svg', '1820000', '1', '43'),
('254', '169', '72', 'Quả Bóng Đá AFC Challenge League mã AFC25QU5000C', 'assets/images/ball_afc_4_1782372790473.png', '3680000', '1', '39'),
('255', '170', '85', 'Vợt Pickleball Voltano Apex Pro', 'uploads/voltano_apex_pro.svg', '3800000', '1', '40'),
('256', '170', '246', 'Giày Mizuno Court Pro #127', 'uploads/sneaker_127.svg', '2160000', '1', '41'),
('257', '171', '148', 'Giày New Balance Court Pro #29', 'uploads/sneaker_29.svg', '3470000', '1', '42'),
('258', '172', '101', 'Giày Pickleball Asics Gel Resolution X GS 1044A081 - 400', 'uploads/asics_gel_resolution_x.svg', '1650000', '1', '43'),
('259', '172', '187', 'Giày Li-Ning City Walk #68', 'uploads/sneaker_68.svg', '20000', '1', '39'),
('260', '173', '246', 'Giày Mizuno Court Pro #127', 'uploads/sneaker_127.svg', '1350000', '1', '39'),
('261', '174', '240', 'Giày Nike Air Max Zoom #121', 'uploads/sneaker_121.svg', '2915500', '1', '41'),
('262', '174', '9', 'Adidas Copa Pure 3 League TF - Pure Victory', 'assets/images/adidas_copa_pure3.png', '914500', '1', '43'),
('263', '175', '162', 'Giày Jordan Court Pro #43', 'uploads/sneaker_43.svg', '3680000', '1', '40'),
('264', '176', '249', 'Giày Adidas Super Speed #130', 'uploads/sneaker_130.svg', '4970000', '1', '42'),
('265', '177', '89', 'Giày Pickleball Asics Court FF 3 -1041A370-106 - Trắng/Hồng/Xanh', 'uploads/asics_court_ff_3.svg', '2810000', '1', '40'),
('266', '177', '206', 'Giày Mizuno Retro Classic #87', 'uploads/sneaker_87.svg', '10000', '1', '39'),
('267', '178', '39', 'Zocker Zocker Space #39', 'uploads/shoe_39.svg', '1880000', '1', '40'),
('268', '179', '47', 'Mizuno Monarcida Neo Select #47', 'uploads/shoe_47.svg', '2740000', '1', '41'),
('269', '180', '122', 'Giày Nike Air Max DN \'Black White\' (WMNS) FJ3145-002', 'uploads/sneaker_3.svg', '1960000', '1', '43'),
('270', '180', '160', 'Giày Nike Style Runner #41', 'uploads/sneaker_41.svg', '10000', '1', '42'),
('271', '181', '177', 'Giày Adidas Air Max Zoom #58', 'uploads/sneaker_58.svg', '3710000', '1', '43'),
('272', '182', '13', 'Adidas Predator Accuracy #13', 'uploads/shoe_13.svg', '3770000', '1', '43'),
('273', '183', '96', 'Vợt Pickleball Selkirk Vanguard', 'uploads/pickleball_selkirk_vanguard.svg', '3900000', '1', '39'),
('274', '183', '84', 'Vợt Pickleball Joola Perseus Pro V', 'uploads/joola_perseus_pro_v.svg', '2030000', '1', '40'),
('275', '184', '26', 'Puma Ultra Match #26', 'uploads/shoe_26.svg', '1580000', '1', '42'),
('276', '184', '180', 'Giày New Balance City Walk #61', 'uploads/sneaker_61.svg', '2810000', '1', '39'),
('277', '185', '14', 'Mizuno Mizuno Alpha #14', 'uploads/shoe_14.svg', '5940000', '1', '39'),
('278', '186', '169', 'Giày Adidas Court Pro #50', 'uploads/sneaker_50.svg', '1500000', '1', '43'),
('279', '187', '67', 'Nike Phantom GX #67', 'uploads/shoe_67.svg', '2810000', '1', '41'),
('280', '187', '39', 'Zocker Zocker Space #39', 'uploads/shoe_39.svg', '1750000', '1', '43'),
('281', '188', '174', 'Giày Mizuno Style Runner #55', 'uploads/sneaker_55.svg', '2490000', '1', '40'),
('282', '189', '94', 'Bóng Pickleball Facolos Elite - Hộp 6 Quả', 'uploads/pickleball_facolos_elite.svg', '350000', '1', '42'),
('283', '189', '12', 'Giày Bóng Đá Kelme TF Mã 8531ZX1036', 'assets/images/kelme_tf.png', '3650000', '1', '42'),
('284', '190', '99', 'Giày Pickleball Asics Gel Game FF - 1041A489-103 - White/Dark Cobalt', 'uploads/asics_gel_game_ff_cobalt.svg', '3020000', '1', '42'),
('285', '191', '177', 'Giày Adidas Air Max Zoom #58', 'uploads/sneaker_58.svg', '3270000', '1', '40'),
('286', '192', '227', 'Giày Li-Ning Retro Classic #108', 'uploads/sneaker_108.svg', '2680000', '1', '42'),
('287', '192', '183', 'Giày Asics Court Pro #64', 'uploads/sneaker_64.svg', '10000', '1', '43'),
('288', '193', '201', 'Giày Adidas City Walk #82', 'uploads/sneaker_82.svg', '2660000', '1', '42'),
('289', '193', '151', 'Giày Asics Super Speed #32', 'uploads/sneaker_32.svg', '10000', '1', '40'),
('290', '194', '258', 'Giày Jordan Style Runner #139', 'uploads/sneaker_139.svg', '5250000', '1', '43'),
('291', '195', '31', 'Jogarbola Jogarbola 9018 #31', 'uploads/shoe_31.svg', '2170000', '1', '43'),
('292', '196', '217', 'Giày Adidas Flex Comfort #98', 'uploads/sneaker_98.svg', '4060000', '1', '41'),
('293', '196', '245', 'Giày Puma Flex Comfort #126', 'uploads/sneaker_126.svg', '700000', '1', '42'),
('294', '197', '145', 'Giày Adidas City Walk #26', 'uploads/sneaker_26.svg', '4570000', '1', '40'),
('295', '198', '108', 'Giày đá bóng cỏ nhân tạo Nike Tiempo Ligera Pro TF Breakout - Pink/Black IQ2384-901', 'uploads/nike_tiempo_ligera_tf.png', '4970000', '1', '43'),
('296', '199', '78', 'Giày Pickleball Nike Court Lite 4 - FD6574-106 - Xanh/Trắng', 'uploads/nike_court_lite_4_blue.svg', '1550000', '1', '41'),
('297', '199', '160', 'Giày Nike Style Runner #41', 'uploads/sneaker_41.svg', '3740000', '1', '43'),
('298', '200', '181', 'Giày Puma Style Runner #62', 'uploads/sneaker_62.svg', '1340000', '1', '41'),
('299', '200', '157', 'Giày Puma Retro Classic #38', 'uploads/sneaker_38.svg', '10000', '1', '42'),
('300', '201', '190', 'Giày Mizuno Court Pro #71', 'uploads/sneaker_71.svg', '5150000', '1', '43'),
('301', '202', '82', 'Vợt Pickleball Joola Agassi Pro V', 'uploads/joola_agassi_pro_v.svg', '3570000', '1', '42'),
('302', '203', '240', 'Giày Nike Air Max Zoom #121', 'uploads/sneaker_121.svg', '2915500', '1', '39'),
('303', '203', '20', 'Jogarbola Jogarbola Swift #20', 'uploads/shoe_20.svg', '14500', '1', '43'),
('304', '204', '121', 'Giày Nike SB Air Max Ishod \'Silver Bullet\' HF3062-001', 'uploads/sneaker_2.svg', '3390000', '1', '42'),
('305', '204', '179', 'Giày Li-Ning Super Speed #60', 'uploads/sneaker_60.svg', '920000', '1', '42'),
('306', '205', '149', 'Giày Puma Air Max Zoom #30', 'uploads/sneaker_30.svg', '1110000', '1', '39'),
('307', '205', '239', 'Giày Asics Court Pro #120', 'uploads/sneaker_120.svg', '10000', '1', '43'),
('308', '206', '212', 'Giày New Balance Air Max Zoom #93', 'uploads/sneaker_93.svg', '1840000', '1', '42'),
('309', '206', '176', 'Giày Nike Court Pro #57', 'uploads/sneaker_57.svg', '10000', '1', '42'),
('310', '207', '11', 'Puma Future 8 Pro Cage TT Audacity - 108366-03', 'assets/images/puma_future8.png', '2790000', '1', '41'),
('311', '208', '32', 'Kelme Kelme Madrid #32', 'uploads/shoe_32.svg', '1584000', '1', '43'),
('312', '208', '175', 'Giày Asics Flex Comfort #56', 'uploads/sneaker_56.svg', '2186000', '1', '43'),
('313', '209', '161', 'Giày Adidas Flex Comfort #42', 'uploads/sneaker_42.svg', '2740000', '1', '40'),
('314', '210', '179', 'Giày Li-Ning Super Speed #60', 'uploads/sneaker_60.svg', '3510000', '1', '39'),
('315', '211', '37', 'Puma Future Play #37', 'uploads/shoe_37.svg', '1910000', '1', '42'),
('316', '211', '234', 'Giày Jordan Retro Classic #115', 'uploads/sneaker_115.svg', '2600000', '1', '41'),
('317', '212', '95', 'Balo Pickleball Joola Backpack', 'uploads/pickleball_joola_backpack.svg', '850000', '1', '41'),
('318', '212', '66', 'NMS NMS Captain #66', 'uploads/shoe_66.svg', '4910000', '1', '43'),
('319', '213', '228', 'Giày New Balance Super Speed #109', 'uploads/sneaker_109.svg', '1997500', '1', '41'),
('320', '213', '172', 'Giày New Balance Super Speed #53', 'uploads/sneaker_53.svg', '2152500', '1', '41'),
('321', '214', '252', 'Giày New Balance Flex Comfort #133', 'uploads/sneaker_133.svg', '2460000', '1', '42'),
('322', '215', '201', 'Giày Adidas City Walk #82', 'uploads/sneaker_82.svg', '2881500', '1', '41'),
('323', '215', '218', 'Giày Jordan Court Pro #99', 'uploads/sneaker_99.svg', '1638500', '1', '43'),
('324', '216', '86', 'Vợt Pickleball Zocker Aspire', 'uploads/zocker_aspire.svg', '4730000', '1', '42'),
('325', '217', '258', 'Giày Jordan Style Runner #139', 'uploads/sneaker_139.svg', '3162000', '1', '39'),
('326', '217', '16', 'Kamito Cobra #16', 'uploads/shoe_16.svg', '398000', '1', '39'),
('327', '218', '101', 'Giày Pickleball Asics Gel Resolution X GS 1044A081 - 400', 'uploads/asics_gel_resolution_x.svg', '1650000', '1', '42'),
('328', '218', '75', 'Giày Pickleball Asics Gel Game FF - 1041A489 101 - White/Black', 'uploads/asics_gel_game_ff_white_black.svg', '2410000', '1', '40'),
('329', '219', '137', 'Giày Adidas Super Speed #18', 'uploads/sneaker_18.svg', '1580000', '1', '39'),
('330', '219', '61', 'Zocker inspire Pro #61', 'uploads/shoe_61.svg', '1180000', '1', '39'),
('331', '220', '93', 'Hộp 3 Quả Bóng Pickleball Franklin Signature', 'uploads/pickleball_franklin_sig.svg', '180000', '1', '39'),
('332', '220', '152', 'Giày Nike City Walk #33', 'uploads/sneaker_33.svg', '3440000', '1', '43'),
('333', '221', '126', 'Giày Nike Air Force 1 Boot NN \'Dark Smoke Grey Crater\' DD0747-001', 'uploads/sneaker_7.svg', '2270000', '1', '42'),
('334', '221', '198', 'Giày Mizuno Air Max Zoom #79', 'uploads/sneaker_79.svg', '10000', '1', '42'),
('335', '222', '148', 'Giày New Balance Court Pro #29', 'uploads/sneaker_29.svg', '1830000', '1', '43'),
('336', '223', '240', 'Giày Nike Air Max Zoom #121', 'uploads/sneaker_121.svg', '2750000', '1', '41'),
('337', '224', '38', 'Kamito TA11 Pro #38', 'uploads/shoe_38.svg', '5830000', '1', '39'),
('338', '225', '60', 'Kamito Cobra #60', 'uploads/shoe_60.svg', '3540000', '1', '39'),
('339', '226', '199', 'Giày Asics Retro Classic #80', 'uploads/sneaker_80.svg', '1680000', '1', '40'),
('340', '227', '37', 'Puma Future Play #37', 'uploads/shoe_37.svg', '1910000', '1', '40'),
('341', '227', '97', 'Vợt Pickleball Facolos Elite', 'uploads/pickleball_facolos_elite.svg', '710000', '1', '41'),
('342', '228', '37', 'Puma Future Play #37', 'uploads/shoe_37.svg', '1910000', '1', '39'),
('343', '228', '54', 'Kelme Kelme Intense #54', 'uploads/shoe_54.svg', '1670000', '1', '43'),
('344', '229', '230', 'Giày Mizuno Style Runner #111', 'uploads/sneaker_111.svg', '2710000', '1', '40'),
('345', '229', '47', 'Mizuno Monarcida Neo Select #47', 'uploads/shoe_47.svg', '490000', '1', '43'),
('346', '230', '196', 'Giày New Balance Flex Comfort #77', 'uploads/sneaker_77.svg', '2650000', '1', '41'),
('347', '230', '63', 'Pan Pan Super Sonic #63', 'uploads/shoe_63.svg', '10000', '1', '39'),
('348', '231', '223', 'Giày Asics Style Runner #104', 'uploads/sneaker_104.svg', '1520000', '1', '41'),
('349', '231', '73', 'Giày Pickleball Asics Gel Dedicate 8 - 1042A257-300 - Xanh Mint/Trắng', 'uploads/asics_gel_dedicate_8_mint.svg', '4110000', '1', '43'),
('350', '232', '11', 'Puma Future 8 Pro Cage TT Audacity - 108366-03', 'assets/images/puma_future8.png', '1750000', '1', '39'),
('351', '232', '168', 'Giày Nike Flex Comfort #49', 'uploads/sneaker_49.svg', '4050000', '1', '42'),
('352', '233', '255', 'Giày Asics Retro Classic #136', 'uploads/sneaker_136.svg', '2949500', '1', '41'),
('353', '233', '75', 'Giày Pickleball Asics Gel Game FF - 1041A489 101 - White/Black', 'uploads/asics_gel_game_ff_white_black.svg', '150500', '1', '43'),
('354', '234', '205', 'Giày Puma Air Max Zoom #86', 'uploads/sneaker_86.svg', '2290000', '1', '41'),
('355', '235', '94', 'Bóng Pickleball Facolos Elite - Hộp 6 Quả', 'uploads/pickleball_facolos_elite.svg', '3420000', '1', '40'),
('356', '236', '124', 'Giày Air Jordan 1 Mid SE Craft \'Inside Out - White Sail\' DM9652-120', 'uploads/sneaker_5.svg', '3900000', '1', '40'),
('357', '236', '227', 'Giày Li-Ning Retro Classic #108', 'uploads/sneaker_108.svg', '880000', '1', '40'),
('358', '237', '150', 'Giày Mizuno Retro Classic #31', 'uploads/sneaker_31.svg', '1980000', '1', '42'),
('359', '238', '23', 'Nike Phantom GX #23', 'uploads/shoe_23.svg', '1490000', '1', '43'),
('360', '238', '89', 'Giày Pickleball Asics Court FF 3 -1041A370-106 - Trắng/Hồng/Xanh', 'uploads/asics_court_ff_3.svg', '2190000', '1', '43'),
('361', '239', '40', 'Wika Wika Submax #40', 'uploads/shoe_40.svg', '3500000', '1', '43'),
('362', '240', '47', 'Mizuno Monarcida Neo Select #47', 'uploads/shoe_47.svg', '2210000', '1', '42'),
('363', '240', '186', 'Giày Jordan Super Speed #67', 'uploads/sneaker_67.svg', '2540000', '1', '39'),
('364', '241', '139', 'Giày Li-Ning Style Runner #20', 'uploads/sneaker_20.svg', '2360000', '1', '42'),
('365', '242', '38', 'Kamito TA11 Pro #38', 'uploads/shoe_38.svg', '1080000', '1', '42'),
('366', '243', '221', 'Giày Puma Super Speed #102', 'uploads/sneaker_102.svg', '1940000', '1', '40'),
('367', '243', '179', 'Giày Li-Ning Super Speed #60', 'uploads/sneaker_60.svg', '10000', '1', '41'),
('368', '244', '234', 'Giày Jordan Retro Classic #115', 'uploads/sneaker_115.svg', '2020000', '1', '43'),
('369', '244', '153', 'Giày Adidas Style Runner #34', 'uploads/sneaker_34.svg', '10000', '1', '40'),
('370', '245', '86', 'Vợt Pickleball Zocker Aspire', 'uploads/zocker_aspire.svg', '4720000', '1', '39'),
('371', '246', '215', 'Giày Asics City Walk #96', 'uploads/sneaker_96.svg', '1030000', '1', '42'),
('372', '247', '61', 'Zocker inspire Pro #61', 'uploads/shoe_61.svg', '2460000', '1', '41'),
('373', '248', '216', 'Giày Nike Style Runner #97', 'uploads/sneaker_97.svg', '5980000', '1', '42'),
('374', '249', '88', 'Giày Pickleball Babolat Jet Mach 4', 'uploads/babolat_jet_mach_4.svg', '3200000', '1', '40'),
('375', '249', '251', 'Giày Li-Ning Style Runner #132', 'uploads/sneaker_132.svg', '1640000', '1', '42'),
('376', '250', '104', 'Combo Giày bóng đá chuyên nghiệp', 'uploads/adidas_f50_messi_tf.png', '126380220', '1', '41'),
('377', '251', '58', 'Mizuno Mizuno Alpha #58', 'uploads/shoe_58.svg', '1120000', '1', '43'),
('378', '252', '251', 'Giày Li-Ning Style Runner #132', 'uploads/sneaker_132.svg', '1120000', '1', '41'),
('379', '253', '164', 'Giày New Balance Retro Classic #45', 'uploads/sneaker_45.svg', '2030000', '1', '42'),
('380', '254', '148', 'Giày New Balance Court Pro #29', 'uploads/sneaker_29.svg', '1150000', '1', '40'),
('381', '255', '96', 'Vợt Pickleball Selkirk Vanguard', 'uploads/pickleball_selkirk_vanguard.svg', '550000', '1', '40'),
('382', '256', '147', 'Giày Li-Ning Flex Comfort #28', 'uploads/sneaker_28.svg', '1490000', '1', '39'),
('383', '257', '136', 'Giày Nike Retro Classic #17', 'uploads/sneaker_17.svg', '2630000', '1', '40'),
('384', '258', '58', 'Mizuno Mizuno Alpha #58', 'uploads/shoe_58.svg', '610000', '1', '40'),
('385', '259', '43', 'Kelme Kelme Champion #43', 'uploads/shoe_43.svg', '2820000', '1', '39'),
('386', '260', '152', 'Giày Nike City Walk #33', 'uploads/sneaker_33.svg', '1940000', '1', '42'),
('387', '261', '21', 'Kelme Kelme Star #21', 'uploads/shoe_21.svg', '2530000', '1', '40'),
('388', '262', '55', 'NMS NMS Elite #55', 'uploads/shoe_55.svg', '1740000', '1', '40'),
('389', '263', '19', 'Pan Pan Super Sonic #19', 'uploads/shoe_19.svg', '2620000', '1', '41'),
('390', '264', '170', 'Giày Jordan Air Max Zoom #51', 'uploads/sneaker_51.svg', '1780000', '1', '43'),
('391', '265', '201', 'Giày Adidas City Walk #82', 'uploads/sneaker_82.svg', '740000', '1', '39'),
('392', '266', '128', 'Giày Air Jordan 1 Low \'Pine Green\' 553558-301', 'uploads/sneaker_9.svg', '2380000', '1', '39'),
('393', '267', '50', 'Zocker Winner #50', 'uploads/shoe_50.svg', '2210000', '1', '39'),
('394', '268', '252', 'Giày New Balance Flex Comfort #133', 'uploads/sneaker_133.svg', '890000', '1', '42'),
('395', '269', '202', 'Giày Jordan Style Runner #83', 'uploads/sneaker_83.svg', '720000', '1', '42'),
('396', '270', '240', 'Giày Nike Air Max Zoom #121', 'uploads/sneaker_121.svg', '2220000', '1', '42'),
('397', '271', '53', 'Jogarbola JGBL Color #53', 'uploads/shoe_53.svg', '1820000', '1', '39'),
('398', '272', '224', 'Giày Nike Flex Comfort #105', 'uploads/sneaker_105.svg', '1550000', '1', '41'),
('399', '273', '145', 'Giày Adidas City Walk #26', 'uploads/sneaker_26.svg', '2320000', '1', '41'),
('400', '274', '39', 'Zocker Zocker Space #39', 'uploads/shoe_39.svg', '1520000', '1', '42'),
('401', '275', '95', 'Balo Pickleball Joola Backpack', 'uploads/pickleball_joola_backpack.svg', '2060000', '1', '42'),
('402', '276', '98', 'Vợt Pickleball Kamito Dominus', 'uploads/pickleball_kamito_dominus.svg', '2230000', '1', '39'),
('403', '277', '120', 'Giày Nike Freak 5 \'Alphabet Bros\' DX4985-600', 'uploads/sneaker_1.svg', '2280000', '1', '41'),
('404', '278', '90', 'Giày Pickleball Asics Game FF Clay/OC - 1041A489-104 - White/Dark Neptune', 'uploads/asics_game_ff.svg', '1990000', '1', '39'),
('405', '279', '202', 'Giày Jordan Style Runner #83', 'uploads/sneaker_83.svg', '2700000', '1', '43'),
('406', '280', '179', 'Giày Li-Ning Super Speed #60', 'uploads/sneaker_60.svg', '2160000', '1', '43'),
('407', '281', '223', 'Giày Asics Style Runner #104', 'uploads/sneaker_104.svg', '1790000', '1', '42'),
('408', '282', '211', 'Giày Li-Ning Court Pro #92', 'uploads/sneaker_92.svg', '730000', '1', '39'),
('409', '283', '44', 'NMS NMS Pro #44', 'uploads/shoe_44.svg', '830000', '1', '43'),
('410', '284', '229', 'Giày Puma City Walk #110', 'uploads/sneaker_110.svg', '510000', '1', '39'),
('411', '285', '40', 'Wika Wika Submax #40', 'uploads/shoe_40.svg', '1150000', '1', '39'),
('412', '286', '187', 'Giày Li-Ning City Walk #68', 'uploads/sneaker_68.svg', '1570000', '1', '41'),
('413', '287', '171', 'Giày Li-Ning Retro Classic #52', 'uploads/sneaker_52.svg', '2380000', '1', '41'),
('414', '288', '192', 'Giày Nike Retro Classic #73', 'uploads/sneaker_73.svg', '2240000', '1', '41'),
('415', '289', '153', 'Giày Adidas Style Runner #34', 'uploads/sneaker_34.svg', '740000', '1', '42'),
('416', '290', '196', 'Giày New Balance Flex Comfort #77', 'uploads/sneaker_77.svg', '1610000', '1', '40');

